product_name,period,shopping_ratio,shopping_keywords
bnr17유산균,2026-05-08,55.7377,bnr17유산균
bnr17유산균,2026-05-09,70.76502,bnr17유산균
bnr17유산균,2026-05-10,98.36065,bnr17유산균
bnr17유산균,2026-05-11,66.93989,bnr17유산균
bnr17유산균,2026-05-12,68.85245,bnr17유산균
bnr17유산균,2026-05-13,69.67213,bnr17유산균
bnr17유산균,2026-05-14,49.45355,bnr17유산균
bnr17유산균,2026-05-15,77.3224,bnr17유산균
bnr17유산균,2026-05-16,70.76502,bnr17유산균
bnr17유산균,2026-05-17,100,bnr17유산균
bnr17유산균,2026-05-18,47.8142,bnr17유산균
bnr17유산균,2026-05-19,60.38251,bnr17유산균
bnr17유산균,2026-05-20,68.85245,bnr17유산균
bnr17유산균,2026-05-21,68.57923,bnr17유산균
cca주스,2026-05-08,68.50649,cca주스
cca주스,2026-05-09,45.45454,cca주스
cca주스,2026-05-10,66.88311,cca주스
cca주스,2026-05-11,52.92207,cca주스
cca주스,2026-05-12,62.33766,cca주스
cca주스,2026-05-13,90.58441,cca주스
cca주스,2026-05-14,72.40259,cca주스
cca주스,2026-05-15,58.11688,cca주스
cca주스,2026-05-16,68.50649,cca주스
cca주스,2026-05-17,59.74025,cca주스
cca주스,2026-05-18,65.58441,cca주스
cca주스,2026-05-19,61.68831,cca주스
cca주스,2026-05-20,57.7922,cca주스
cca주스,2026-05-21,74.02597,cca주스
kbo빼빼로,2026-05-08,22.67657,kbo빼빼로
kbo빼빼로,2026-05-09,18.21561,kbo빼빼로
kbo빼빼로,2026-05-10,25.65055,kbo빼빼로
kbo빼빼로,2026-05-11,76.95167,kbo빼빼로
kbo빼빼로,2026-05-12,50.18587,kbo빼빼로
kbo빼빼로,2026-05-13,47.21189,kbo빼빼로
kbo빼빼로,2026-05-14,68.40148,kbo빼빼로
kbo빼빼로,2026-05-15,64.31226,kbo빼빼로
kbo빼빼로,2026-05-16,64.31226,kbo빼빼로
kbo빼빼로,2026-05-17,42.75092,kbo빼빼로
kbo빼빼로,2026-05-18,45.35315,kbo빼빼로
kbo빼빼로,2026-05-19,44.98141,kbo빼빼로
kbo빼빼로,2026-05-20,78.06691,kbo빼빼로
kbo빼빼로,2026-05-21,64.68401,kbo빼빼로
la갈비,2026-05-08,35.76158,la갈비
la갈비,2026-05-09,35.98233,la갈비
la갈비,2026-05-10,50.77262,la갈비
la갈비,2026-05-11,66.00441,la갈비
la갈비,2026-05-12,65.78366,la갈비
la갈비,2026-05-13,42.8256,la갈비
la갈비,2026-05-14,43.04635,la갈비
la갈비,2026-05-15,51.21412,la갈비
la갈비,2026-05-16,37.74834,la갈비
la갈비,2026-05-17,50.99337,la갈비
la갈비,2026-05-18,58.05739,la갈비
la갈비,2026-05-19,61.5894,la갈비
la갈비,2026-05-20,56.29139,la갈비
la갈비,2026-05-21,67.99116,la갈비
mbp,2026-05-08,57.55813,mbp
mbp,2026-05-09,42.15116,mbp
mbp,2026-05-10,34.59302,mbp
mbp,2026-05-11,38.08139,mbp
mbp,2026-05-12,39.82558,mbp
mbp,2026-05-13,44.76744,mbp
mbp,2026-05-14,68.60465,mbp
mbp,2026-05-15,45.34883,mbp
mbp,2026-05-16,59.01162,mbp
mbp,2026-05-17,39.53488,mbp
mbp,2026-05-18,41.27906,mbp
mbp,2026-05-19,52.90697,mbp
mbp,2026-05-20,48.25581,mbp
mbp,2026-05-21,53.77906,mbp
가리비,2026-05-08,37.79264,가리비
가리비,2026-05-09,18.0602,가리비
가리비,2026-05-10,23.07692,가리비
가리비,2026-05-11,47.49163,가리비
가리비,2026-05-12,50.16722,가리비
가리비,2026-05-13,49.16387,가리비
가리비,2026-05-14,59.86622,가리비
가리비,2026-05-15,26.08695,가리비
가리비,2026-05-16,16.7224,가리비
가리비,2026-05-17,31.77257,가리비
가리비,2026-05-18,50.16722,가리비
가리비,2026-05-19,47.49163,가리비
가리비,2026-05-20,68.89632,가리비
가리비,2026-05-21,67.55852,가리비
간장게장,2026-05-08,86.85121,간장게장
간장게장,2026-05-09,58.13148,간장게장
간장게장,2026-05-10,64.01384,간장게장
간장게장,2026-05-11,75.0865,간장게장
간장게장,2026-05-12,61.59169,간장게장
간장게장,2026-05-13,59.16955,간장게장
간장게장,2026-05-14,49.13494,간장게장
간장게장,2026-05-15,56.05536,간장게장
간장게장,2026-05-16,44.29065,간장게장
간장게장,2026-05-17,48.09688,간장게장
간장게장,2026-05-18,59.16955,간장게장
간장게장,2026-05-19,76.12456,간장게장
간장게장,2026-05-20,69.55017,간장게장
간장게장,2026-05-21,71.97231,간장게장
갈비탕,2026-05-08,60.50955,갈비탕
갈비탕,2026-05-09,40.76433,갈비탕
갈비탕,2026-05-10,52.22929,갈비탕
갈비탕,2026-05-11,72.29299,갈비탕
갈비탕,2026-05-12,62.73885,갈비탕
갈비탕,2026-05-13,57.96178,갈비탕
갈비탕,2026-05-14,38.53503,갈비탕
갈비탕,2026-05-15,40.12738,갈비탕
갈비탕,2026-05-16,27.38853,갈비탕
갈비탕,2026-05-17,41.40127,갈비탕
갈비탕,2026-05-18,34.71337,갈비탕
갈비탕,2026-05-19,68.47133,갈비탕
갈비탕,2026-05-20,80.89171,갈비탕
갈비탕,2026-05-21,56.36942,갈비탕
감자,2026-05-08,65.45741,감자
감자,2026-05-09,66.40378,감자
감자,2026-05-10,64.98422,감자
감자,2026-05-11,79.65299,감자
감자,2026-05-12,82.17665,감자
감자,2026-05-13,68.76971,감자
감자,2026-05-14,77.44479,감자
감자,2026-05-15,60.41009,감자
감자,2026-05-16,55.20504,감자
감자,2026-05-17,60.56782,감자
감자,2026-05-18,69.71608,감자
감자,2026-05-19,100,감자
감자,2026-05-20,73.34384,감자
감자,2026-05-21,56.94006,감자
갑오징어,2026-05-08,66.75749,갑오징어
갑오징어,2026-05-09,51.49863,갑오징어
갑오징어,2026-05-10,59.67302,갑오징어
갑오징어,2026-05-11,73.84196,갑오징어
갑오징어,2026-05-12,68.11989,갑오징어
갑오징어,2026-05-13,68.11989,갑오징어
갑오징어,2026-05-14,58.5831,갑오징어
갑오징어,2026-05-15,52.86103,갑오징어
갑오징어,2026-05-16,49.59128,갑오징어
갑오징어,2026-05-17,51.77111,갑오징어
갑오징어,2026-05-18,65.39509,갑오징어
갑오징어,2026-05-19,63.48773,갑오징어
갑오징어,2026-05-20,75.74931,갑오징어
갑오징어,2026-05-21,81.47138,갑오징어
견과류,2026-05-08,51.65745,견과류
견과류,2026-05-09,67.12707,견과류
견과류,2026-05-10,69.33701,견과류
견과류,2026-05-11,79.28176,견과류
견과류,2026-05-12,77.6243,견과류
견과류,2026-05-13,81.76795,견과류
견과류,2026-05-14,85.63535,견과류
견과류,2026-05-15,72.37569,견과류
견과류,2026-05-16,61.04972,견과류
견과류,2026-05-17,77.90055,견과류
견과류,2026-05-18,87.56906,견과류
견과류,2026-05-19,92.26519,견과류
견과류,2026-05-20,89.22651,견과류
견과류,2026-05-21,71.8232,견과류
계란,2026-05-08,46.10303,계란
계란,2026-05-09,34.6103,계란
계란,2026-05-10,50.33025,계란
계란,2026-05-11,73.71202,계란
계란,2026-05-12,73.57992,계란
계란,2026-05-13,72.25891,계란
계란,2026-05-14,54.68956,계란
계란,2026-05-15,43.72523,계란
계란,2026-05-16,39.23381,계란
계란,2026-05-17,59.18097,계란
계란,2026-05-18,73.05151,계란
계란,2026-05-19,65.65389,계란
계란,2026-05-20,72.39101,계란
계란,2026-05-21,69.2206,계란
고구마,2026-05-08,58.73015,고구마
고구마,2026-05-09,54.2328,고구마
고구마,2026-05-10,66.66666,고구마
고구마,2026-05-11,100,고구마
고구마,2026-05-12,79.10052,고구마
고구마,2026-05-13,79.89417,고구마
고구마,2026-05-14,80.95238,고구마
고구마,2026-05-15,64.55026,고구마
고구마,2026-05-16,56.61375,고구마
고구마,2026-05-17,57.4074,고구마
고구마,2026-05-18,82.53968,고구마
고구마,2026-05-19,81.74603,고구마
고구마,2026-05-20,66.66666,고구마
고구마,2026-05-21,70.63492,고구마
고등어,2026-05-08,70.06369,고등어
고등어,2026-05-09,46.17834,고등어
고등어,2026-05-10,66.5605,고등어
고등어,2026-05-11,100,고등어
고등어,2026-05-12,74.20382,고등어
고등어,2026-05-13,54.77707,고등어
고등어,2026-05-14,59.87261,고등어
고등어,2026-05-15,49.68152,고등어
고등어,2026-05-16,38.21656,고등어
고등어,2026-05-17,65.28662,고등어
고등어,2026-05-18,61.14649,고등어
고등어,2026-05-19,49.68152,고등어
고등어,2026-05-20,61.14649,고등어
고등어,2026-05-21,56.36942,고등어
고려은단비타민c1000,2026-05-08,70.58823,고려은단비타민c1000
고려은단비타민c1000,2026-05-09,64.01384,고려은단비타민c1000
고려은단비타민c1000,2026-05-10,79.93079,고려은단비타민c1000
고려은단비타민c1000,2026-05-11,80.62283,고려은단비타민c1000
고려은단비타민c1000,2026-05-12,81.66089,고려은단비타민c1000
고려은단비타민c1000,2026-05-13,72.31833,고려은단비타민c1000
고려은단비타민c1000,2026-05-14,67.47404,고려은단비타민c1000
고려은단비타민c1000,2026-05-15,65.74394,고려은단비타민c1000
고려은단비타민c1000,2026-05-16,55.36332,고려은단비타민c1000
고려은단비타민c1000,2026-05-17,64.01384,고려은단비타민c1000
고려은단비타민c1000,2026-05-18,77.50865,고려은단비타민c1000
고려은단비타민c1000,2026-05-19,71.62629,고려은단비타민c1000
고려은단비타민c1000,2026-05-20,74.39446,고려은단비타민c1000
고려은단비타민c1000,2026-05-21,72.31833,고려은단비타민c1000
고추장,2026-05-08,38.06451,고추장
고추장,2026-05-09,50.75268,고추장
고추장,2026-05-10,47.52688,고추장
고추장,2026-05-11,46.0215,고추장
고추장,2026-05-12,53.11827,고추장
고추장,2026-05-13,48.17204,고추장
고추장,2026-05-14,51.6129,고추장
고추장,2026-05-15,33.11827,고추장
고추장,2026-05-16,37.2043,고추장
고추장,2026-05-17,39.56989,고추장
고추장,2026-05-18,48.8172,고추장
고추장,2026-05-19,40.86021,고추장
고추장,2026-05-20,43.01075,고추장
고추장,2026-05-21,52.68817,고추장
곤약젤리,2026-05-08,21.10552,곤약젤리
곤약젤리,2026-05-09,22.78056,곤약젤리
곤약젤리,2026-05-10,22.11055,곤약젤리
곤약젤리,2026-05-11,31.82579,곤약젤리
곤약젤리,2026-05-12,27.30318,곤약젤리
곤약젤리,2026-05-13,31.15577,곤약젤리
곤약젤리,2026-05-14,27.13567,곤약젤리
곤약젤리,2026-05-15,24.62311,곤약젤리
곤약젤리,2026-05-16,20.60301,곤약젤리
곤약젤리,2026-05-17,24.2881,곤약젤리
곤약젤리,2026-05-18,29.14572,곤약젤리
곤약젤리,2026-05-19,29.31323,곤약젤리
곤약젤리,2026-05-20,32.83082,곤약젤리
곤약젤리,2026-05-21,31.32328,곤약젤리
곱창김,2026-05-08,60.55363,곱창김
곱창김,2026-05-09,57.43944,곱창김
곱창김,2026-05-10,57.43944,곱창김
곱창김,2026-05-11,78.89273,곱창김
곱창김,2026-05-12,81.66089,곱창김
곱창김,2026-05-13,79.58477,곱창김
곱창김,2026-05-14,52.59515,곱창김
곱창김,2026-05-15,42.90657,곱창김
곱창김,2026-05-16,47.75086,곱창김
곱창김,2026-05-17,65.74394,곱창김
곱창김,2026-05-18,73.3564,곱창김
곱창김,2026-05-19,59.86159,곱창김
곱창김,2026-05-20,68.51211,곱창김
곱창김,2026-05-21,71.28027,곱창김
과자,2026-05-08,37.89808,과자
과자,2026-05-09,17.51592,과자
과자,2026-05-10,29.61783,과자
과자,2026-05-11,28.98089,과자
과자,2026-05-12,39.49044,과자
과자,2026-05-13,33.12101,과자
과자,2026-05-14,32.48407,과자
과자,2026-05-15,24.52229,과자
과자,2026-05-16,20.38216,과자
과자,2026-05-17,26.43312,과자
과자,2026-05-18,36.94267,과자
과자,2026-05-19,32.80254,과자
과자,2026-05-20,48.72611,과자
과자,2026-05-21,65.60509,과자
구강유산균,2026-05-08,74.84076,구강유산균
구강유산균,2026-05-09,66.5605,구강유산균
구강유산균,2026-05-10,84.3949,구강유산균
구강유산균,2026-05-11,88.21656,구강유산균
구강유산균,2026-05-12,79.29936,구강유산균
구강유산균,2026-05-13,54.77707,구강유산균
구강유산균,2026-05-14,68.7898,구강유산균
구강유산균,2026-05-15,50,구강유산균
구강유산균,2026-05-16,62.10191,구강유산균
구강유산균,2026-05-17,72.92993,구강유산균
구강유산균,2026-05-18,84.07643,구강유산균
구강유산균,2026-05-19,62.73885,구강유산균
구강유산균,2026-05-20,69.42675,구강유산균
구강유산균,2026-05-21,65.60509,구강유산균
구강유산균m18,2026-05-08,19.10447,구강유산균m18
구강유산균m18,2026-05-09,22.38805,구강유산균m18
구강유산균m18,2026-05-10,23.28358,구강유산균m18
구강유산균m18,2026-05-11,62.68656,구강유산균m18
구강유산균m18,2026-05-12,29.25373,구강유산균m18
구강유산균m18,2026-05-13,20,구강유산균m18
구강유산균m18,2026-05-14,52.2388,구강유산균m18
구강유산균m18,2026-05-15,70.14925,구강유산균m18
구강유산균m18,2026-05-16,31.34328,구강유산균m18
구강유산균m18,2026-05-17,100,구강유산균m18
구강유산균m18,2026-05-18,48.95522,구강유산균m18
구강유산균m18,2026-05-19,77.01492,구강유산균m18
구강유산균m18,2026-05-20,76.41791,구강유산균m18
구강유산균m18,2026-05-21,57.91044,구강유산균m18
구운계란,2026-05-08,63.62038,구운계란
구운계란,2026-05-09,55.36028,구운계란
구운계란,2026-05-10,69.94727,구운계란
구운계란,2026-05-11,71.1775,구운계란
구운계란,2026-05-12,69.77152,구운계란
구운계란,2026-05-13,68.5413,구운계란
구운계란,2026-05-14,57.46924,구운계란
구운계란,2026-05-15,61.86291,구운계란
구운계란,2026-05-16,45.51845,구운계란
구운계란,2026-05-17,56.41476,구운계란
구운계란,2026-05-18,66.08084,구운계란
구운계란,2026-05-19,61.15992,구운계란
구운계란,2026-05-20,65.72934,구운계란
구운계란,2026-05-21,66.25659,구운계란
궁채,2026-05-08,46.47887,궁채
궁채,2026-05-09,65.91549,궁채
궁채,2026-05-10,63.94366,궁채
궁채,2026-05-11,71.54929,궁채
궁채,2026-05-12,49.29577,궁채
궁채,2026-05-13,64.22535,궁채
궁채,2026-05-14,63.66197,궁채
궁채,2026-05-15,51.2676,궁채
궁채,2026-05-16,54.0845,궁채
궁채,2026-05-17,56.61971,궁채
궁채,2026-05-18,54.0845,궁채
궁채,2026-05-19,58.30985,궁채
궁채,2026-05-20,55.77464,궁채
궁채,2026-05-21,59.7183,궁채
그래니샐러드,2026-05-08,49.44237,그래니샐러드
그래니샐러드,2026-05-09,52.0446,그래니샐러드
그래니샐러드,2026-05-10,45.7249,그래니샐러드
그래니샐러드,2026-05-11,46.84014,그래니샐러드
그래니샐러드,2026-05-12,49.81412,그래니샐러드
그래니샐러드,2026-05-13,50.18587,그래니샐러드
그래니샐러드,2026-05-14,65.05576,그래니샐러드
그래니샐러드,2026-05-15,60.59479,그래니샐러드
그래니샐러드,2026-05-16,56.50557,그래니샐러드
그래니샐러드,2026-05-17,55.76208,그래니샐러드
그래니샐러드,2026-05-18,61.71003,그래니샐러드
그래니샐러드,2026-05-19,62.45353,그래니샐러드
그래니샐러드,2026-05-20,63.94052,그래니샐러드
그래니샐러드,2026-05-21,64.68401,그래니샐러드
그릭요거트,2026-05-08,78.58719,그릭요거트
그릭요거트,2026-05-09,84.54746,그릭요거트
그릭요거트,2026-05-10,84.32671,그릭요거트
그릭요거트,2026-05-11,97.35099,그릭요거트
그릭요거트,2026-05-12,98.23399,그릭요거트
그릭요거트,2026-05-13,91.39072,그릭요거트
그릭요거트,2026-05-14,88.07947,그릭요거트
그릭요거트,2026-05-15,80.13245,그릭요거트
그릭요거트,2026-05-16,60.48565,그릭요거트
그릭요거트,2026-05-17,75.49668,그릭요거트
그릭요거트,2026-05-18,100,그릭요거트
그릭요거트,2026-05-19,90.94922,그릭요거트
그릭요거트,2026-05-20,97.35099,그릭요거트
그릭요거트,2026-05-21,71.52317,그릭요거트
그린아세로라,2026-05-08,21.45214,그린아세로라
그린아세로라,2026-05-09,11.88118,그린아세로라
그린아세로라,2026-05-10,4.95049,그린아세로라
그린아세로라,2026-05-11,14.52145,그린아세로라
그린아세로라,2026-05-12,30.36303,그린아세로라
그린아세로라,2026-05-13,25.41254,그린아세로라
그린아세로라,2026-05-14,17.16171,그린아세로라
그린아세로라,2026-05-15,14.85148,그린아세로라
그린아세로라,2026-05-16,76.89768,그린아세로라
그린아세로라,2026-05-17,18.15181,그린아세로라
그린아세로라,2026-05-18,19.47194,그린아세로라
그린아세로라,2026-05-19,19.80198,그린아세로라
그린아세로라,2026-05-20,9.57095,그린아세로라
그린아세로라,2026-05-21,72.60726,그린아세로라
글루타치온,2026-05-08,62.37623,글루타치온
글루타치온,2026-05-09,46.20462,글루타치온
글루타치온,2026-05-10,81.18811,글루타치온
글루타치온,2026-05-11,62.0462,글루타치온
글루타치온,2026-05-12,80.19801,글루타치온
글루타치온,2026-05-13,69.96699,글루타치온
글루타치온,2026-05-14,55.11551,글루타치온
글루타치온,2026-05-15,47.19471,글루타치온
글루타치온,2026-05-16,49.83498,글루타치온
글루타치온,2026-05-17,77.55775,글루타치온
글루타치온,2026-05-18,51.48514,글루타치온
글루타치온,2026-05-19,55.11551,글루타치온
글루타치온,2026-05-20,52.47524,글루타치온
글루타치온,2026-05-21,72.93729,글루타치온
김치,2026-05-08,45.16129,김치
김치,2026-05-09,45.16129,김치
김치,2026-05-10,41.93548,김치
김치,2026-05-11,63.87096,김치
김치,2026-05-12,60.21505,김치
김치,2026-05-13,57.41935,김치
김치,2026-05-14,51.18279,김치
김치,2026-05-15,49.24731,김치
김치,2026-05-16,39.56989,김치
김치,2026-05-17,56.12903,김치
김치,2026-05-18,56.77419,김치
김치,2026-05-19,63.44086,김치
김치,2026-05-20,84.30107,김치
김치,2026-05-21,52.90322,김치
꽃게,2026-05-08,61.95508,꽃게
꽃게,2026-05-09,47.95244,꽃게
꽃게,2026-05-10,49.00924,꽃게
꽃게,2026-05-11,54.02906,꽃게
꽃게,2026-05-12,61.55878,꽃게
꽃게,2026-05-13,65.38969,꽃게
꽃게,2026-05-14,59.70937,꽃게
꽃게,2026-05-15,73.44782,꽃게
꽃게,2026-05-16,43.32892,꽃게
꽃게,2026-05-17,53.63276,꽃게
꽃게,2026-05-18,62.35138,꽃게
꽃게,2026-05-19,55.61426,꽃게
꽃게,2026-05-20,72.78731,꽃게
꽃게,2026-05-21,77.67503,꽃게
꽃보다오징어,2026-05-08,27.91327,꽃보다오징어
꽃보다오징어,2026-05-09,25.74525,꽃보다오징어
꽃보다오징어,2026-05-10,37.12737,꽃보다오징어
꽃보다오징어,2026-05-11,42.00542,꽃보다오징어
꽃보다오징어,2026-05-12,38.75338,꽃보다오징어
꽃보다오징어,2026-05-13,38.75338,꽃보다오징어
꽃보다오징어,2026-05-14,49.59349,꽃보다오징어
꽃보다오징어,2026-05-15,93.49593,꽃보다오징어
꽃보다오징어,2026-05-16,55.55555,꽃보다오징어
꽃보다오징어,2026-05-17,80.4878,꽃보다오징어
꽃보다오징어,2026-05-18,91.59891,꽃보다오징어
꽃보다오징어,2026-05-19,72.08672,꽃보다오징어
꽃보다오징어,2026-05-20,66.12466,꽃보다오징어
꽃보다오징어,2026-05-21,63.41463,꽃보다오징어
꿀,2026-05-08,56.94822,꿀
꿀,2026-05-09,33.78746,꿀
꿀,2026-05-10,44.68664,꿀
꿀,2026-05-11,53.95095,꿀
꿀,2026-05-12,79.01907,꿀
꿀,2026-05-13,43.59673,꿀
꿀,2026-05-14,43.8692,꿀
꿀,2026-05-15,38.14713,꿀
꿀,2026-05-16,37.60217,꿀
꿀,2026-05-17,48.50136,꿀
꿀,2026-05-18,47.13896,꿀
꿀,2026-05-19,56.40326,꿀
꿀,2026-05-20,81.74386,꿀
꿀,2026-05-21,49.59128,꿀
냉동블루베리,2026-05-08,72.46376,냉동블루베리
냉동블루베리,2026-05-09,63.28502,냉동블루베리
냉동블루베리,2026-05-10,84.29951,냉동블루베리
냉동블루베리,2026-05-11,73.67149,냉동블루베리
냉동블루베리,2026-05-12,93.7198,냉동블루베리
냉동블루베리,2026-05-13,88.40579,냉동블루베리
냉동블루베리,2026-05-14,81.15942,냉동블루베리
냉동블루베리,2026-05-15,61.35265,냉동블루베리
냉동블루베리,2026-05-16,63.28502,냉동블루베리
냉동블루베리,2026-05-17,85.99033,냉동블루베리
냉동블루베리,2026-05-18,75.60386,냉동블루베리
냉동블루베리,2026-05-19,84.7826,냉동블루베리
냉동블루베리,2026-05-20,82.85024,냉동블루베리
냉동블루베리,2026-05-21,68.11594,냉동블루베리
냉면,2026-05-08,48.11083,냉면
냉면,2026-05-09,35.01259,냉면
냉면,2026-05-10,45.59193,냉면
냉면,2026-05-11,53.4005,냉면
냉면,2026-05-12,56.17128,냉면
냉면,2026-05-13,72.29219,냉면
냉면,2026-05-14,61.20906,냉면
냉면,2026-05-15,74.81108,냉면
냉면,2026-05-16,65.49118,냉면
냉면,2026-05-17,100,냉면
냉면,2026-05-18,96.22166,냉면
냉면,2026-05-19,85.13853,냉면
냉면,2026-05-20,70.27707,냉면
냉면,2026-05-21,45.34005,냉면
냉면육수,2026-05-08,55.6962,냉면육수
냉면육수,2026-05-09,43.03797,냉면육수
냉면육수,2026-05-10,53.48101,냉면육수
냉면육수,2026-05-11,55.37974,냉면육수
냉면육수,2026-05-12,52.53164,냉면육수
냉면육수,2026-05-13,58.86075,냉면육수
냉면육수,2026-05-14,69.62025,냉면육수
냉면육수,2026-05-15,74.05063,냉면육수
냉면육수,2026-05-16,76.89873,냉면육수
냉면육수,2026-05-17,89.2405,냉면육수
냉면육수,2026-05-18,100,냉면육수
냉면육수,2026-05-19,89.55696,냉면육수
냉면육수,2026-05-20,66.45569,냉면육수
냉면육수,2026-05-21,59.81012,냉면육수
누룽지,2026-05-08,71.75324,누룽지
누룽지,2026-05-09,64.93506,누룽지
누룽지,2026-05-10,96.75324,누룽지
누룽지,2026-05-11,86.68831,누룽지
누룽지,2026-05-12,88.31168,누룽지
누룽지,2026-05-13,74.67532,누룽지
누룽지,2026-05-14,76.62337,누룽지
누룽지,2026-05-15,66.55844,누룽지
누룽지,2026-05-16,47.07792,누룽지
누룽지,2026-05-17,79.87012,누룽지
누룽지,2026-05-18,64.61038,누룽지
누룽지,2026-05-19,78.57142,누룽지
누룽지,2026-05-20,90.25974,누룽지
누룽지,2026-05-21,75.64935,누룽지
뉴케어구수한맛,2026-05-08,57.02341,뉴케어구수한맛
뉴케어구수한맛,2026-05-09,49.83277,뉴케어구수한맛
뉴케어구수한맛,2026-05-10,58.02675,뉴케어구수한맛
뉴케어구수한맛,2026-05-11,60.70234,뉴케어구수한맛
뉴케어구수한맛,2026-05-12,54.1806,뉴케어구수한맛
뉴케어구수한맛,2026-05-13,52.67558,뉴케어구수한맛
뉴케어구수한맛,2026-05-14,50.83612,뉴케어구수한맛
뉴케어구수한맛,2026-05-15,71.90635,뉴케어구수한맛
뉴케어구수한맛,2026-05-16,54.51505,뉴케어구수한맛
뉴케어구수한맛,2026-05-17,51.67224,뉴케어구수한맛
뉴케어구수한맛,2026-05-18,68.89632,뉴케어구수한맛
뉴케어구수한맛,2026-05-19,58.19397,뉴케어구수한맛
뉴케어구수한맛,2026-05-20,61.8729,뉴케어구수한맛
뉴케어구수한맛,2026-05-21,57.52508,뉴케어구수한맛
뉴케어당플랜,2026-05-08,72.15189,뉴케어당플랜
뉴케어당플랜,2026-05-09,57.59493,뉴케어당플랜
뉴케어당플랜,2026-05-10,66.45569,뉴케어당플랜
뉴케어당플랜,2026-05-11,73.10126,뉴케어당플랜
뉴케어당플랜,2026-05-12,49.05063,뉴케어당플랜
뉴케어당플랜,2026-05-13,69.9367,뉴케어당플랜
뉴케어당플랜,2026-05-14,62.97468,뉴케어당플랜
뉴케어당플랜,2026-05-15,67.72151,뉴케어당플랜
뉴케어당플랜,2026-05-16,55.6962,뉴케어당플랜
뉴케어당플랜,2026-05-17,52.21518,뉴케어당플랜
뉴케어당플랜,2026-05-18,60.44303,뉴케어당플랜
뉴케어당플랜,2026-05-19,51.89873,뉴케어당플랜
뉴케어당플랜,2026-05-20,48.41772,뉴케어당플랜
뉴케어당플랜,2026-05-21,60.12658,뉴케어당플랜
단백질바,2026-05-08,52.22929,단백질바
단백질바,2026-05-09,44.26751,단백질바
단백질바,2026-05-10,50.95541,단백질바
단백질바,2026-05-11,69.74522,단백질바
단백질바,2026-05-12,57.00636,단백질바
단백질바,2026-05-13,62.10191,단백질바
단백질바,2026-05-14,65.92356,단백질바
단백질바,2026-05-15,67.83439,단백질바
단백질바,2026-05-16,38.8535,단백질바
단백질바,2026-05-17,64.64968,단백질바
단백질바,2026-05-18,55.41401,단백질바
단백질바,2026-05-19,65.28662,단백질바
단백질바,2026-05-20,44.90445,단백질바
단백질바,2026-05-21,65.28662,단백질바
단백질쉐이크,2026-05-08,55.19125,단백질쉐이크
단백질쉐이크,2026-05-09,49.45355,단백질쉐이크
단백질쉐이크,2026-05-10,61.20218,단백질쉐이크
단백질쉐이크,2026-05-11,73.49726,단백질쉐이크
단백질쉐이크,2026-05-12,77.86885,단백질쉐이크
단백질쉐이크,2026-05-13,81.96721,단백질쉐이크
단백질쉐이크,2026-05-14,74.31693,단백질쉐이크
단백질쉐이크,2026-05-15,50.54644,단백질쉐이크
단백질쉐이크,2026-05-16,76.50273,단백질쉐이크
단백질쉐이크,2026-05-17,56.28415,단백질쉐이크
단백질쉐이크,2026-05-18,66.93989,단백질쉐이크
단백질쉐이크,2026-05-19,67.75956,단백질쉐이크
단백질쉐이크,2026-05-20,87.43169,단백질쉐이크
단백질쉐이크,2026-05-21,69.3989,단백질쉐이크
단백질음료,2026-05-08,40.21505,단백질음료
단백질음료,2026-05-09,45.80645,단백질음료
단백질음료,2026-05-10,60.21505,단백질음료
단백질음료,2026-05-11,61.50537,단백질음료
단백질음료,2026-05-12,58.70967,단백질음료
단백질음료,2026-05-13,69.67741,단백질음료
단백질음료,2026-05-14,57.84946,단백질음료
단백질음료,2026-05-15,47.31182,단백질음료
단백질음료,2026-05-16,38.06451,단백질음료
단백질음료,2026-05-17,50.75268,단백질음료
단백질음료,2026-05-18,49.03225,단백질음료
단백질음료,2026-05-19,62.79569,단백질음료
단백질음료,2026-05-20,52.04301,단백질음료
단백질음료,2026-05-21,53.33333,단백질음료
닭가슴살,2026-05-08,74.72745,닭가슴살
닭가슴살,2026-05-09,66.99702,닭가슴살
닭가슴살,2026-05-10,77.8989,닭가슴살
닭가슴살,2026-05-11,84.73736,닭가슴살
닭가슴살,2026-05-12,87.61149,닭가슴살
닭가슴살,2026-05-13,83.25074,닭가슴살
닭가슴살,2026-05-14,83.44895,닭가슴살
닭가슴살,2026-05-15,63.33002,닭가슴살
닭가슴살,2026-05-16,53.32011,닭가슴살
닭가슴살,2026-05-17,62.63627,닭가슴살
닭가슴살,2026-05-18,83.44895,닭가슴살
닭가슴살,2026-05-19,80.2775,닭가슴살
닭가슴살,2026-05-20,86.12487,닭가슴살
닭가슴살,2026-05-21,77.60158,닭가슴살
닭다리살,2026-05-08,57.02479,닭다리살
닭다리살,2026-05-09,50.96418,닭다리살
닭다리살,2026-05-10,67.76859,닭다리살
닭다리살,2026-05-11,79.8898,닭다리살
닭다리살,2026-05-12,88.15426,닭다리살
닭다리살,2026-05-13,73.8292,닭다리살
닭다리살,2026-05-14,71.07438,닭다리살
닭다리살,2026-05-15,66.66666,닭다리살
닭다리살,2026-05-16,53.44352,닭다리살
닭다리살,2026-05-17,70.52341,닭다리살
닭다리살,2026-05-18,79.8898,닭다리살
닭다리살,2026-05-19,88.70523,닭다리살
닭다리살,2026-05-20,84.02203,닭다리살
닭다리살,2026-05-21,81.81818,닭다리살
당근,2026-05-08,43.96135,당근
당근,2026-05-09,38.16425,당근
당근,2026-05-10,60.62801,당근
당근,2026-05-11,65.70048,당근
당근,2026-05-12,68.35748,당근
당근,2026-05-13,57.00483,당근
당근,2026-05-14,45.41062,당근
당근,2026-05-15,55.55555,당근
당근,2026-05-16,48.55072,당근
당근,2026-05-17,57.72946,당근
당근,2026-05-18,55.55555,당근
당근,2026-05-19,56.28019,당근
당근,2026-05-20,67.63285,당근
당근,2026-05-21,66.42512,당근
대게,2026-05-08,54.73372,대게
대게,2026-05-09,32.54437,대게
대게,2026-05-10,30.76923,대게
대게,2026-05-11,42.60355,대게
대게,2026-05-12,51.77514,대게
대게,2026-05-13,64.79289,대게
대게,2026-05-14,51.18343,대게
대게,2026-05-15,30.17751,대게
대게,2026-05-16,43.49112,대게
대게,2026-05-17,33.13609,대게
대게,2026-05-18,48.22485,대게
대게,2026-05-19,45.26627,대게
대게,2026-05-20,52.66272,대게
대게,2026-05-21,63.90532,대게
두리안,2026-05-08,57.37704,두리안
두리안,2026-05-09,58.46994,두리안
두리안,2026-05-10,75.95628,두리안
두리안,2026-05-11,66.39344,두리안
두리안,2026-05-12,57.65027,두리안
두리안,2026-05-13,59.56284,두리안
두리안,2026-05-14,58.19672,두리안
두리안,2026-05-15,55.7377,두리안
두리안,2026-05-16,66.93989,두리안
두리안,2026-05-17,63.11475,두리안
두리안,2026-05-18,60.92896,두리안
두리안,2026-05-19,64.20765,두리안
두리안,2026-05-20,63.11475,두리안
두리안,2026-05-21,68.03278,두리안
두유,2026-05-08,47.63406,두유
두유,2026-05-09,48.73817,두유
두유,2026-05-10,65.14195,두유
두유,2026-05-11,76.34069,두유
두유,2026-05-12,76.49842,두유
두유,2026-05-13,72.87066,두유
두유,2026-05-14,67.50788,두유
두유,2026-05-15,52.68138,두유
두유,2026-05-16,43.84858,두유
두유,2026-05-17,58.20189,두유
두유,2026-05-18,62.46056,두유
두유,2026-05-19,65.29968,두유
두유,2026-05-20,56.94006,두유
두유,2026-05-21,55.04731,두유
두쫀쿠,2026-05-08,85.27607,두쫀쿠
두쫀쿠,2026-05-09,61.34969,두쫀쿠
두쫀쿠,2026-05-10,81.90184,두쫀쿠
두쫀쿠,2026-05-11,79.1411,두쫀쿠
두쫀쿠,2026-05-12,84.04907,두쫀쿠
두쫀쿠,2026-05-13,81.28834,두쫀쿠
두쫀쿠,2026-05-14,73.00613,두쫀쿠
두쫀쿠,2026-05-15,66.25766,두쫀쿠
두쫀쿠,2026-05-16,68.71165,두쫀쿠
두쫀쿠,2026-05-17,64.41717,두쫀쿠
두쫀쿠,2026-05-18,73.00613,두쫀쿠
두쫀쿠,2026-05-19,62.57668,두쫀쿠
두쫀쿠,2026-05-20,67.48466,두쫀쿠
두쫀쿠,2026-05-21,68.71165,두쫀쿠
들기름,2026-05-08,49.17491,들기름
들기름,2026-05-09,53.13531,들기름
들기름,2026-05-10,63.0363,들기름
들기름,2026-05-11,73.26732,들기름
들기름,2026-05-12,78.87788,들기름
들기름,2026-05-13,85.47854,들기름
들기름,2026-05-14,74.58745,들기름
들기름,2026-05-15,51.48514,들기름
들기름,2026-05-16,59.0759,들기름
들기름,2026-05-17,61.0561,들기름
들기름,2026-05-18,72.93729,들기름
들기름,2026-05-19,79.20792,들기름
들기름,2026-05-20,66.99669,들기름
들기름,2026-05-21,63.0363,들기름
딸기,2026-05-08,60.64139,딸기
딸기,2026-05-09,37.02623,딸기
딸기,2026-05-10,64.72303,딸기
딸기,2026-05-11,69.38775,딸기
딸기,2026-05-12,51.89504,딸기
딸기,2026-05-13,56.26822,딸기
딸기,2026-05-14,41.69096,딸기
딸기,2026-05-15,40.81632,딸기
딸기,2026-05-16,44.60641,딸기
딸기,2026-05-17,58.01749,딸기
딸기,2026-05-18,65.01457,딸기
딸기,2026-05-19,58.60058,딸기
딸기,2026-05-20,51.60349,딸기
딸기,2026-05-21,52.18658,딸기
땅콩버터,2026-05-08,73.44173,땅콩버터
땅콩버터,2026-05-09,67.47967,땅콩버터
땅콩버터,2026-05-10,83.46883,땅콩버터
땅콩버터,2026-05-11,93.22493,땅콩버터
땅콩버터,2026-05-12,81.57181,땅콩버터
땅콩버터,2026-05-13,74.79674,땅콩버터
땅콩버터,2026-05-14,69.37669,땅콩버터
땅콩버터,2026-05-15,63.14363,땅콩버터
땅콩버터,2026-05-16,53.38753,땅콩버터
땅콩버터,2026-05-17,63.68563,땅콩버터
땅콩버터,2026-05-18,69.37669,땅콩버터
땅콩버터,2026-05-19,72.62872,땅콩버터
땅콩버터,2026-05-20,69.10569,땅콩버터
땅콩버터,2026-05-21,64.76964,땅콩버터
떡,2026-05-08,58.92857,떡
떡,2026-05-09,50,떡
떡,2026-05-10,46.42857,떡
떡,2026-05-11,71.42857,떡
떡,2026-05-12,70.83333,떡
떡,2026-05-13,88.39285,떡
떡,2026-05-14,49.70238,떡
떡,2026-05-15,43.45238,떡
떡,2026-05-16,53.57142,떡
떡,2026-05-17,62.5,떡
떡,2026-05-18,66.66666,떡
떡,2026-05-19,55.65476,떡
떡,2026-05-20,67.85714,떡
떡,2026-05-21,67.2619,떡
라면,2026-05-08,46.64723,라면
라면,2026-05-09,54.51895,라면
라면,2026-05-10,47.52186,라면
라면,2026-05-11,65.88921,라면
라면,2026-05-12,73.17784,라면
라면,2026-05-13,74.63556,라면
라면,2026-05-14,51.0204,라면
라면,2026-05-15,47.52186,라면
라면,2026-05-16,37.90087,라면
라면,2026-05-17,67.34693,라면
라면,2026-05-18,45.77259,라면
라면,2026-05-19,37.60932,라면
라면,2026-05-20,57.72594,라면
라면,2026-05-21,52.47813,라면
락토핏유산균,2026-05-08,79.16666,락토핏유산균
락토핏유산균,2026-05-09,59.5238,락토핏유산균
락토핏유산균,2026-05-10,73.80952,락토핏유산균
락토핏유산균,2026-05-11,86.30952,락토핏유산균
락토핏유산균,2026-05-12,71.72619,락토핏유산균
락토핏유산균,2026-05-13,80.35714,락토핏유산균
락토핏유산균,2026-05-14,60.41666,락토핏유산균
락토핏유산균,2026-05-15,59.82142,락토핏유산균
락토핏유산균,2026-05-16,54.16666,락토핏유산균
락토핏유산균,2026-05-17,66.66666,락토핏유산균
락토핏유산균,2026-05-18,71.42857,락토핏유산균
락토핏유산균,2026-05-19,63.69047,락토핏유산균
락토핏유산균,2026-05-20,75.89285,락토핏유산균
락토핏유산균,2026-05-21,66.96428,락토핏유산균
레몬즙,2026-05-08,57.46924,레몬즙
레몬즙,2026-05-09,66.78383,레몬즙
레몬즙,2026-05-10,74.51669,레몬즙
레몬즙,2026-05-11,79.08611,레몬즙
레몬즙,2026-05-12,85.94024,레몬즙
레몬즙,2026-05-13,90.50966,레몬즙
레몬즙,2026-05-14,76.62565,레몬즙
레몬즙,2026-05-15,68.01405,레몬즙
레몬즙,2026-05-16,57.99648,레몬즙
레몬즙,2026-05-17,84.71001,레몬즙
레몬즙,2026-05-18,97.36379,레몬즙
레몬즙,2026-05-19,93.67311,레몬즙
레몬즙,2026-05-20,78.20738,레몬즙
레몬즙,2026-05-21,65.90509,레몬즙
루테인,2026-05-08,71.5719,루테인
루테인,2026-05-09,63.87959,루테인
루테인,2026-05-10,74.24749,루테인
루테인,2026-05-11,84.61538,루테인
루테인,2026-05-12,71.90635,루테인
루테인,2026-05-13,71.07023,루테인
루테인,2026-05-14,81.10367,루테인
루테인,2026-05-15,64.54849,루테인
루테인,2026-05-16,62.70903,루테인
루테인,2026-05-17,66.7224,루테인
루테인,2026-05-18,68.72909,루테인
루테인,2026-05-19,60.53511,루테인
루테인,2026-05-20,74.24749,루테인
루테인,2026-05-21,68.56187,루테인
루테인지아잔틴,2026-05-08,92.40924,루테인지아잔틴
루테인지아잔틴,2026-05-09,68.97689,루테인지아잔틴
루테인지아잔틴,2026-05-10,87.78877,루테인지아잔틴
루테인지아잔틴,2026-05-11,81.18811,루테인지아잔틴
루테인지아잔틴,2026-05-12,86.79867,루테인지아잔틴
루테인지아잔틴,2026-05-13,78.21782,루테인지아잔틴
루테인지아잔틴,2026-05-14,65.34653,루테인지아잔틴
루테인지아잔틴,2026-05-15,69.30693,루테인지아잔틴
루테인지아잔틴,2026-05-16,50.82508,루테인지아잔틴
루테인지아잔틴,2026-05-17,83.49834,루테인지아잔틴
루테인지아잔틴,2026-05-18,77.55775,루테인지아잔틴
루테인지아잔틴,2026-05-19,60.066,루테인지아잔틴
루테인지아잔틴,2026-05-20,63.0363,루테인지아잔틴
루테인지아잔틴,2026-05-21,63.0363,루테인지아잔틴
마그네슘,2026-05-08,45.57377,마그네슘
마그네슘,2026-05-09,52.34972,마그네슘
마그네슘,2026-05-10,55.40983,마그네슘
마그네슘,2026-05-11,52.78688,마그네슘
마그네슘,2026-05-12,53.33333,마그네슘
마그네슘,2026-05-13,51.36612,마그네슘
마그네슘,2026-05-14,59.89071,마그네슘
마그네슘,2026-05-15,51.91256,마그네슘
마그네슘,2026-05-16,49.83606,마그네슘
마그네슘,2026-05-17,45.35519,마그네슘
마그네슘,2026-05-18,53.44262,마그네슘
마그네슘,2026-05-19,52.24043,마그네슘
마그네슘,2026-05-20,58.25136,마그네슘
마그네슘,2026-05-21,55.84699,마그네슘
마누카꿀,2026-05-08,37.19008,마누카꿀
마누카꿀,2026-05-09,41.04683,마누카꿀
마누카꿀,2026-05-10,60.88154,마누카꿀
마누카꿀,2026-05-11,61.4325,마누카꿀
마누카꿀,2026-05-12,41.04683,마누카꿀
마누카꿀,2026-05-13,34.98622,마누카꿀
마누카꿀,2026-05-14,43.25068,마누카꿀
마누카꿀,2026-05-15,25.34435,마누카꿀
마누카꿀,2026-05-16,58.4022,마누카꿀
마누카꿀,2026-05-17,53.16804,마누카꿀
마누카꿀,2026-05-18,66.39118,마누카꿀
마누카꿀,2026-05-19,78.78787,마누카꿀
마누카꿀,2026-05-20,47.10743,마누카꿀
마누카꿀,2026-05-21,81.54269,마누카꿀
마늘쫑,2026-05-08,87.71466,마늘쫑
마늘쫑,2026-05-09,77.80713,마늘쫑
마늘쫑,2026-05-10,87.18626,마늘쫑
마늘쫑,2026-05-11,93.92338,마늘쫑
마늘쫑,2026-05-12,96.96169,마늘쫑
마늘쫑,2026-05-13,100,마늘쫑
마늘쫑,2026-05-14,82.69484,마늘쫑
마늘쫑,2026-05-15,70.67371,마늘쫑
마늘쫑,2026-05-16,65.91809,마늘쫑
마늘쫑,2026-05-17,74.10832,마늘쫑
마늘쫑,2026-05-18,87.45046,마늘쫑
마늘쫑,2026-05-19,83.75165,마늘쫑
마늘쫑,2026-05-20,85.99735,마늘쫑
마늘쫑,2026-05-21,78.59973,마늘쫑
마른오징어,2026-05-08,89.2405,마른오징어
마른오징어,2026-05-09,64.2405,마른오징어
마른오징어,2026-05-10,74.05063,마른오징어
마른오징어,2026-05-11,88.92405,마른오징어
마른오징어,2026-05-12,91.45569,마른오징어
마른오징어,2026-05-13,82.91139,마른오징어
마른오징어,2026-05-14,52.8481,마른오징어
마른오징어,2026-05-15,59.49367,마른오징어
마른오징어,2026-05-16,60.44303,마른오징어
마른오징어,2026-05-17,77.8481,마른오징어
마른오징어,2026-05-18,78.79746,마른오징어
마른오징어,2026-05-19,72.15189,마른오징어
마른오징어,2026-05-20,68.03797,마른오징어
마른오징어,2026-05-21,59.49367,마른오징어
마카다미아,2026-05-08,42.8169,마카다미아
마카다미아,2026-05-09,49.01408,마카다미아
마카다미아,2026-05-10,43.66197,마카다미아
마카다미아,2026-05-11,43.94366,마카다미아
마카다미아,2026-05-12,40,마카다미아
마카다미아,2026-05-13,51.2676,마카다미아
마카다미아,2026-05-14,50.14084,마카다미아
마카다미아,2026-05-15,45.07042,마카다미아
마카다미아,2026-05-16,36.9014,마카다미아
마카다미아,2026-05-17,49.57746,마카다미아
마카다미아,2026-05-18,56.05633,마카다미아
마카다미아,2026-05-19,47.04225,마카다미아
마카다미아,2026-05-20,63.38028,마카다미아
마카다미아,2026-05-21,59.7183,마카다미아
망고,2026-05-08,80.97412,망고
망고,2026-05-09,53.12024,망고
망고,2026-05-10,58.44748,망고
망고,2026-05-11,68.64535,망고
망고,2026-05-12,71.08066,망고
망고,2026-05-13,61.18721,망고
망고,2026-05-14,64.38356,망고
망고,2026-05-15,57.83866,망고
망고,2026-05-16,48.85844,망고
망고,2026-05-17,57.68645,망고
망고,2026-05-18,61.94824,망고
망고,2026-05-19,64.38356,망고
망고,2026-05-20,70.62404,망고
망고,2026-05-21,58.44748,망고
망고스틴,2026-05-08,17.08542,망고스틴
망고스틴,2026-05-09,14.40536,망고스틴
망고스틴,2026-05-10,15.57788,망고스틴
망고스틴,2026-05-11,20.43551,망고스틴
망고스틴,2026-05-12,24.45561,망고스틴
망고스틴,2026-05-13,18.59296,망고스틴
망고스틴,2026-05-14,20.60301,망고스틴
망고스틴,2026-05-15,22.11055,망고스틴
망고스틴,2026-05-16,15.24288,망고스틴
망고스틴,2026-05-17,17.25293,망고스틴
망고스틴,2026-05-18,22.27805,망고스틴
망고스틴,2026-05-19,35.67839,망고스틴
망고스틴,2026-05-20,26.63316,망고스틴
망고스틴,2026-05-21,31.49078,망고스틴
매실,2026-05-08,38.30911,매실
매실,2026-05-09,51.91545,매실
매실,2026-05-10,48.08454,매실
매실,2026-05-11,48.34874,매실
매실,2026-05-12,51.78335,매실
매실,2026-05-13,45.97093,매실
매실,2026-05-14,47.42404,매실
매실,2026-05-15,42.53632,매실
매실,2026-05-16,46.10303,매실
매실,2026-05-17,61.29458,매실
매실,2026-05-18,60.36988,매실
매실,2026-05-19,65.38969,매실
매실,2026-05-20,60.89828,매실
매실,2026-05-21,74.50462,매실
매실청,2026-05-08,40.05449,매실청
매실청,2026-05-09,34.6049,매실청
매실청,2026-05-10,55.58583,매실청
매실청,2026-05-11,52.31607,매실청
매실청,2026-05-12,49.86376,매실청
매실청,2026-05-13,37.3297,매실청
매실청,2026-05-14,56.67574,매실청
매실청,2026-05-15,36.51226,매실청
매실청,2026-05-16,35.42234,매실청
매실청,2026-05-17,46.86648,매실청
매실청,2026-05-18,56.67574,매실청
매실청,2026-05-19,50.68119,매실청
매실청,2026-05-20,43.05177,매실청
매실청,2026-05-21,50.40871,매실청
맥심모카골드,2026-05-08,67.50788,맥심모카골드
맥심모카골드,2026-05-09,54.10094,맥심모카골드
맥심모카골드,2026-05-10,56.30914,맥심모카골드
맥심모카골드,2026-05-11,76.02523,맥심모카골드
맥심모카골드,2026-05-12,52.68138,맥심모카골드
맥심모카골드,2026-05-13,59.46372,맥심모카골드
맥심모카골드,2026-05-14,54.73186,맥심모카골드
맥심모카골드,2026-05-15,40.85173,맥심모카골드
맥심모카골드,2026-05-16,41.95583,맥심모카골드
맥심모카골드,2026-05-17,40.694,맥심모카골드
맥심모카골드,2026-05-18,47.63406,맥심모카골드
맥심모카골드,2026-05-19,50.47318,맥심모카골드
맥심모카골드,2026-05-20,66.87697,맥심모카골드
맥심모카골드,2026-05-21,55.67823,맥심모카골드
맥심화이트골드,2026-05-08,74.24749,맥심화이트골드
맥심화이트골드,2026-05-09,59.19732,맥심화이트골드
맥심화이트골드,2026-05-10,69.56521,맥심화이트골드
맥심화이트골드,2026-05-11,82.60869,맥심화이트골드
맥심화이트골드,2026-05-12,96.65551,맥심화이트골드
맥심화이트골드,2026-05-13,79.59866,맥심화이트골드
맥심화이트골드,2026-05-14,76.58862,맥심화이트골드
맥심화이트골드,2026-05-15,53.17725,맥심화이트골드
맥심화이트골드,2026-05-16,45.1505,맥심화이트골드
맥심화이트골드,2026-05-17,48.82943,맥심화이트골드
맥심화이트골드,2026-05-18,71.90635,맥심화이트골드
맥심화이트골드,2026-05-19,60.53511,맥심화이트골드
맥심화이트골드,2026-05-20,85.28428,맥심화이트골드
맥심화이트골드,2026-05-21,67.89297,맥심화이트골드
멀티비타민,2026-05-08,65.68047,멀티비타민
멀티비타민,2026-05-09,74.55621,멀티비타민
멀티비타민,2026-05-10,60.05917,멀티비타민
멀티비타민,2026-05-11,62.72189,멀티비타민
멀티비타민,2026-05-12,75.73964,멀티비타민
멀티비타민,2026-05-13,68.93491,멀티비타민
멀티비타민,2026-05-14,70.71005,멀티비타민
멀티비타민,2026-05-15,66.56804,멀티비타민
멀티비타민,2026-05-16,58.57988,멀티비타민
멀티비타민,2026-05-17,66.27218,멀티비타민
멀티비타민,2026-05-18,65.38461,멀티비타민
멀티비타민,2026-05-19,72.4852,멀티비타민
멀티비타민,2026-05-20,60.94674,멀티비타민
멀티비타민,2026-05-21,63.90532,멀티비타민
메밀국수,2026-05-08,31.66023,메밀국수
메밀국수,2026-05-09,29.72972,메밀국수
메밀국수,2026-05-10,47.10424,메밀국수
메밀국수,2026-05-11,59.84555,메밀국수
메밀국수,2026-05-12,37.83783,메밀국수
메밀국수,2026-05-13,30.88803,메밀국수
메밀국수,2026-05-14,41.69884,메밀국수
메밀국수,2026-05-15,39.38223,메밀국수
메밀국수,2026-05-16,43.24324,메밀국수
메밀국수,2026-05-17,46.71814,메밀국수
메밀국수,2026-05-18,52.89575,메밀국수
메밀국수,2026-05-19,66.79536,메밀국수
메밀국수,2026-05-20,52.12355,메밀국수
메밀국수,2026-05-21,67.95366,메밀국수
멜라토닌,2026-05-08,60.21505,멜라토닌
멜라토닌,2026-05-09,56.34408,멜라토닌
멜라토닌,2026-05-10,58.27956,멜라토닌
멜라토닌,2026-05-11,77.41935,멜라토닌
멜라토닌,2026-05-12,64.94623,멜라토닌
멜라토닌,2026-05-13,56.34408,멜라토닌
멜라토닌,2026-05-14,63.01075,멜라토닌
멜라토닌,2026-05-15,53.11827,멜라토닌
멜라토닌,2026-05-16,43.2258,멜라토닌
멜라토닌,2026-05-17,50.10752,멜라토닌
멜라토닌,2026-05-18,54.8387,멜라토닌
멜라토닌,2026-05-19,61.93548,멜라토닌
멜라토닌,2026-05-20,100,멜라토닌
멜라토닌,2026-05-21,52.68817,멜라토닌
멜론,2026-05-08,12.46105,멜론
멜론,2026-05-09,6.85358,멜론
멜론,2026-05-10,6.54205,멜론
멜론,2026-05-11,14.64174,멜론
멜론,2026-05-12,26.79127,멜론
멜론,2026-05-13,42.99065,멜론
멜론,2026-05-14,35.51401,멜론
멜론,2026-05-15,38.00623,멜론
멜론,2026-05-16,28.03738,멜론
멜론,2026-05-17,23.98753,멜론
멜론,2026-05-18,47.35202,멜론
멜론,2026-05-19,40.18691,멜론
멜론,2026-05-20,41.43302,멜론
멜론,2026-05-21,61.37071,멜론
멸균우유,2026-05-08,51.54639,멸균우유
멸균우유,2026-05-09,58.0756,멸균우유
멸균우유,2026-05-10,65.29209,멸균우유
멸균우유,2026-05-11,60.13745,멸균우유
멸균우유,2026-05-12,63.23024,멸균우유
멸균우유,2026-05-13,73.02405,멸균우유
멸균우유,2026-05-14,63.05841,멸균우유
멸균우유,2026-05-15,54.63917,멸균우유
멸균우유,2026-05-16,50,멸균우유
멸균우유,2026-05-17,66.1512,멸균우유
멸균우유,2026-05-18,66.66666,멸균우유
멸균우유,2026-05-19,63.40206,멸균우유
멸균우유,2026-05-20,66.49484,멸균우유
멸균우유,2026-05-21,56.35738,멸균우유
명가삼대떡집,2026-05-08,74.38016,명가삼대떡집
명가삼대떡집,2026-05-09,68.59504,명가삼대떡집
명가삼대떡집,2026-05-10,62.80991,명가삼대떡집
명가삼대떡집,2026-05-11,87.87878,명가삼대떡집
명가삼대떡집,2026-05-12,88.42975,명가삼대떡집
명가삼대떡집,2026-05-13,67.21763,명가삼대떡집
명가삼대떡집,2026-05-14,52.61707,명가삼대떡집
명가삼대떡집,2026-05-15,46.83195,명가삼대떡집
명가삼대떡집,2026-05-16,62.53443,명가삼대떡집
명가삼대떡집,2026-05-17,72.45179,명가삼대떡집
명가삼대떡집,2026-05-18,54.26997,명가삼대떡집
명가삼대떡집,2026-05-19,56.74931,명가삼대떡집
명가삼대떡집,2026-05-20,54.82093,명가삼대떡집
명가삼대떡집,2026-05-21,80.16528,명가삼대떡집
명이나물,2026-05-08,77.22772,명이나물
명이나물,2026-05-09,87.45874,명이나물
명이나물,2026-05-10,100,명이나물
명이나물,2026-05-11,92.73927,명이나물
명이나물,2026-05-12,86.46864,명이나물
명이나물,2026-05-13,76.89768,명이나물
명이나물,2026-05-14,76.89768,명이나물
명이나물,2026-05-15,63.0363,명이나물
명이나물,2026-05-16,53.79537,명이나물
명이나물,2026-05-17,74.58745,명이나물
명이나물,2026-05-18,57.75577,명이나물
명이나물,2026-05-19,62.70627,명이나물
명이나물,2026-05-20,87.78877,명이나물
명이나물,2026-05-21,63.69636,명이나물
모짜렐라치즈,2026-05-08,49.10714,모짜렐라치즈
모짜렐라치즈,2026-05-09,47.0238,모짜렐라치즈
모짜렐라치즈,2026-05-10,62.5,모짜렐라치즈
모짜렐라치즈,2026-05-11,67.55952,모짜렐라치즈
모짜렐라치즈,2026-05-12,71.72619,모짜렐라치즈
모짜렐라치즈,2026-05-13,64.88095,모짜렐라치즈
모짜렐라치즈,2026-05-14,56.25,모짜렐라치즈
모짜렐라치즈,2026-05-15,51.78571,모짜렐라치즈
모짜렐라치즈,2026-05-16,38.09523,모짜렐라치즈
모짜렐라치즈,2026-05-17,41.96428,모짜렐라치즈
모짜렐라치즈,2026-05-18,45.53571,모짜렐라치즈
모짜렐라치즈,2026-05-19,78.2738,모짜렐라치즈
모짜렐라치즈,2026-05-20,75.59523,모짜렐라치즈
모짜렐라치즈,2026-05-21,67.55952,모짜렐라치즈
무알콜맥주,2026-05-08,49.80694,무알콜맥주
무알콜맥주,2026-05-09,43.62934,무알콜맥주
무알콜맥주,2026-05-10,64.47876,무알콜맥주
무알콜맥주,2026-05-11,67.95366,무알콜맥주
무알콜맥주,2026-05-12,62.93436,무알콜맥주
무알콜맥주,2026-05-13,57.91505,무알콜맥주
무알콜맥주,2026-05-14,86.48648,무알콜맥주
무알콜맥주,2026-05-15,58.30115,무알콜맥주
무알콜맥주,2026-05-16,64.09266,무알콜맥주
무알콜맥주,2026-05-17,65.63706,무알콜맥주
무알콜맥주,2026-05-18,63.70656,무알콜맥주
무알콜맥주,2026-05-19,60.61776,무알콜맥주
무알콜맥주,2026-05-20,55.21235,무알콜맥주
무알콜맥주,2026-05-21,68.33976,무알콜맥주
문어,2026-05-08,45.39877,문어
문어,2026-05-09,41.10429,문어
문어,2026-05-10,44.47852,문어
문어,2026-05-11,48.46625,문어
문어,2026-05-12,54.90797,문어
문어,2026-05-13,54.60122,문어
문어,2026-05-14,51.22699,문어
문어,2026-05-15,49.07975,문어
문어,2026-05-16,37.42331,문어
문어,2026-05-17,51.84049,문어
문어,2026-05-18,54.90797,문어
문어,2026-05-19,57.66871,문어
문어,2026-05-20,46.31901,문어
문어,2026-05-21,68.4049,문어
미숫가루,2026-05-08,44.81605,미숫가루
미숫가루,2026-05-09,40.13377,미숫가루
미숫가루,2026-05-10,53.84615,미숫가루
미숫가루,2026-05-11,63.2107,미숫가루
미숫가루,2026-05-12,53.84615,미숫가루
미숫가루,2026-05-13,83.27759,미숫가루
미숫가루,2026-05-14,63.54515,미숫가루
미숫가루,2026-05-15,65.88628,미숫가루
미숫가루,2026-05-16,72.2408,미숫가루
미숫가루,2026-05-17,86.95652,미숫가루
미숫가루,2026-05-18,93.97993,미숫가루
미숫가루,2026-05-19,74.91638,미숫가루
미숫가루,2026-05-20,69.89966,미숫가루
미숫가루,2026-05-21,67.22408,미숫가루
믹스커피,2026-05-08,29.48073,믹스커피
믹스커피,2026-05-09,16.58291,믹스커피
믹스커피,2026-05-10,32.83082,믹스커피
믹스커피,2026-05-11,33.16582,믹스커피
믹스커피,2026-05-12,32.1608,믹스커피
믹스커피,2026-05-13,28.1407,믹스커피
믹스커피,2026-05-14,25.79564,믹스커피
믹스커피,2026-05-15,22.27805,믹스커피
믹스커피,2026-05-16,24.45561,믹스커피
믹스커피,2026-05-17,19.59798,믹스커피
믹스커피,2026-05-18,27.97319,믹스커피
믹스커피,2026-05-19,26.46566,믹스커피
믹스커피,2026-05-20,27.80569,믹스커피
믹스커피,2026-05-21,31.32328,믹스커피
민물장어,2026-05-08,63.0363,민물장어
민물장어,2026-05-09,59.0759,민물장어
민물장어,2026-05-10,58.0858,민물장어
민물장어,2026-05-11,63.36633,민물장어
민물장어,2026-05-12,53.46534,민물장어
민물장어,2026-05-13,60.72607,민물장어
민물장어,2026-05-14,53.13531,민물장어
민물장어,2026-05-15,53.13531,민물장어
민물장어,2026-05-16,44.55445,민물장어
민물장어,2026-05-17,52.47524,민물장어
민물장어,2026-05-18,46.20462,민물장어
민물장어,2026-05-19,53.13531,민물장어
민물장어,2026-05-20,62.0462,민물장어
민물장어,2026-05-21,63.36633,민물장어
밀크씨슬,2026-05-08,45.03311,밀크씨슬
밀크씨슬,2026-05-09,55.62913,밀크씨슬
밀크씨슬,2026-05-10,72.18543,밀크씨슬
밀크씨슬,2026-05-11,73.06843,밀크씨슬
밀크씨슬,2026-05-12,57.17439,밀크씨슬
밀크씨슬,2026-05-13,62.0309,밀크씨슬
밀크씨슬,2026-05-14,74.83443,밀크씨슬
밀크씨슬,2026-05-15,52.98013,밀크씨슬
밀크씨슬,2026-05-16,55.84988,밀크씨슬
밀크씨슬,2026-05-17,66.44591,밀크씨슬
밀크씨슬,2026-05-18,70.41942,밀크씨슬
밀크씨슬,2026-05-19,63.57615,밀크씨슬
밀크씨슬,2026-05-20,77.48344,밀크씨슬
밀크씨슬,2026-05-21,70.19867,밀크씨슬
밀키트,2026-05-08,22.94807,밀키트
밀키트,2026-05-09,12.56281,밀키트
밀키트,2026-05-10,17.92294,밀키트
밀키트,2026-05-11,31.32328,밀키트
밀키트,2026-05-12,100,밀키트
밀키트,2026-05-13,65.32663,밀키트
밀키트,2026-05-14,51.25628,밀키트
밀키트,2026-05-15,34.33835,밀키트
밀키트,2026-05-16,8.87772,밀키트
밀키트,2026-05-17,19.26298,밀키트
밀키트,2026-05-18,29.64824,밀키트
밀키트,2026-05-19,29.64824,밀키트
밀키트,2026-05-20,35.17587,밀키트
밀키트,2026-05-21,31.49078,밀키트
바지락,2026-05-08,65.40697,바지락
바지락,2026-05-09,49.7093,바지락
바지락,2026-05-10,60.46511,바지락
바지락,2026-05-11,64.24418,바지락
바지락,2026-05-12,67.73255,바지락
바지락,2026-05-13,62.79069,바지락
바지락,2026-05-14,71.80232,바지락
바지락,2026-05-15,40.40697,바지락
바지락,2026-05-16,31.68604,바지락
바지락,2026-05-17,34.88372,바지락
바지락,2026-05-18,56.97674,바지락
바지락,2026-05-19,43.60465,바지락
바지락,2026-05-20,59.01162,바지락
바지락,2026-05-21,54.06976,바지락
반건조오징어,2026-05-08,54.7619,반건조오징어
반건조오징어,2026-05-09,52.97619,반건조오징어
반건조오징어,2026-05-10,56.54761,반건조오징어
반건조오징어,2026-05-11,70.83333,반건조오징어
반건조오징어,2026-05-12,64.28571,반건조오징어
반건조오징어,2026-05-13,63.09523,반건조오징어
반건조오징어,2026-05-14,66.66666,반건조오징어
반건조오징어,2026-05-15,56.25,반건조오징어
반건조오징어,2026-05-16,45.23809,반건조오징어
반건조오징어,2026-05-17,56.25,반건조오징어
반건조오징어,2026-05-18,56.84523,반건조오징어
반건조오징어,2026-05-19,46.72619,반건조오징어
반건조오징어,2026-05-20,68.75,반건조오징어
반건조오징어,2026-05-21,66.96428,반건조오징어
방울토마토,2026-05-08,60.75949,방울토마토
방울토마토,2026-05-09,47.78481,방울토마토
방울토마토,2026-05-10,72.15189,방울토마토
방울토마토,2026-05-11,78.79746,방울토마토
방울토마토,2026-05-12,72.46835,방울토마토
방울토마토,2026-05-13,62.02531,방울토마토
방울토마토,2026-05-14,58.22784,방울토마토
방울토마토,2026-05-15,45.56962,방울토마토
방울토마토,2026-05-16,57.59493,방울토마토
방울토마토,2026-05-17,64.87341,방울토마토
방울토마토,2026-05-18,88.92405,방울토마토
방울토마토,2026-05-19,90.50632,방울토마토
방울토마토,2026-05-20,72.46835,방울토마토
방울토마토,2026-05-21,59.81012,방울토마토
버터,2026-05-08,39.31297,버터
버터,2026-05-09,33.58778,버터
버터,2026-05-10,50.57251,버터
버터,2026-05-11,51.33587,버터
버터,2026-05-12,53.43511,버터
버터,2026-05-13,56.10687,버터
버터,2026-05-14,44.46564,버터
버터,2026-05-15,45.03816,버터
버터,2026-05-16,43.70229,버터
버터,2026-05-17,46.56488,버터
버터,2026-05-18,43.70229,버터
버터,2026-05-19,56.48854,버터
버터,2026-05-20,54.77099,버터
버터,2026-05-21,46.75572,버터
버터떡,2026-05-08,71.8232,버터떡
버터떡,2026-05-09,60.22099,버터떡
버터떡,2026-05-10,65.19337,버터떡
버터떡,2026-05-11,66.02209,버터떡
버터떡,2026-05-12,72.09944,버터떡
버터떡,2026-05-13,62.98342,버터떡
버터떡,2026-05-14,79.83425,버터떡
버터떡,2026-05-15,66.57458,버터떡
버터떡,2026-05-16,56.62983,버터떡
버터떡,2026-05-17,46.40883,버터떡
버터떡,2026-05-18,53.8674,버터떡
버터떡,2026-05-19,48.89502,버터떡
버터떡,2026-05-20,52.48618,버터떡
버터떡,2026-05-21,72.37569,버터떡
베르베린,2026-05-08,44.07713,베르베린
베르베린,2026-05-09,45.73002,베르베린
베르베린,2026-05-10,36.63911,베르베린
베르베린,2026-05-11,53.719,베르베린
베르베린,2026-05-12,72.45179,베르베린
베르베린,2026-05-13,68.87052,베르베린
베르베린,2026-05-14,60.88154,베르베린
베르베린,2026-05-15,58.4022,베르베린
베르베린,2026-05-16,54.82093,베르베린
베르베린,2026-05-17,48.20936,베르베린
베르베린,2026-05-18,65.28925,베르베린
베르베린,2026-05-19,58.12672,베르베린
베르베린,2026-05-20,54.82093,베르베린
베르베린,2026-05-21,79.8898,베르베린
병아리콩,2026-05-08,58.94039,병아리콩
병아리콩,2026-05-09,60.48565,병아리콩
병아리콩,2026-05-10,64.90066,병아리콩
병아리콩,2026-05-11,70.19867,병아리콩
병아리콩,2026-05-12,77.04194,병아리콩
병아리콩,2026-05-13,64.23841,병아리콩
병아리콩,2026-05-14,65.12141,병아리콩
병아리콩,2026-05-15,50.99337,병아리콩
병아리콩,2026-05-16,58.94039,병아리콩
병아리콩,2026-05-17,60.04415,병아리콩
병아리콩,2026-05-18,69.09492,병아리콩
병아리콩,2026-05-19,59.82339,병아리콩
병아리콩,2026-05-20,77.70419,병아리콩
병아리콩,2026-05-21,68.21192,병아리콩
복숭아,2026-05-08,63.21525,복숭아
복숭아,2026-05-09,47.9564,복숭아
복숭아,2026-05-10,51.22615,복숭아
복숭아,2026-05-11,96.73024,복숭아
복숭아,2026-05-12,100,복숭아
복숭아,2026-05-13,60.76294,복숭아
복숭아,2026-05-14,87.19346,복숭아
복숭아,2026-05-15,79.56403,복숭아
복숭아,2026-05-16,49.59128,복숭아
복숭아,2026-05-17,68.66485,복숭아
복숭아,2026-05-18,86.10354,복숭아
복숭아,2026-05-19,77.11171,복숭아
복숭아,2026-05-20,77.11171,복숭아
복숭아,2026-05-21,83.65122,복숭아
블루베리,2026-05-08,66.60156,블루베리
블루베리,2026-05-09,63.28125,블루베리
블루베리,2026-05-10,84.57031,블루베리
블루베리,2026-05-11,73.4375,블루베리
블루베리,2026-05-12,84.76562,블루베리
블루베리,2026-05-13,91.99218,블루베리
블루베리,2026-05-14,79.10156,블루베리
블루베리,2026-05-15,90.625,블루베리
블루베리,2026-05-16,76.17187,블루베리
블루베리,2026-05-17,80.85937,블루베리
블루베리,2026-05-18,85.9375,블루베리
블루베리,2026-05-19,75,블루베리
블루베리,2026-05-20,92.96875,블루베리
블루베리,2026-05-21,85.15625,블루베리
비에날17유산균,2026-05-08,66.29834,비에날17유산균
비에날17유산균,2026-05-09,61.6022,비에날17유산균
비에날17유산균,2026-05-10,73.7569,비에날17유산균
비에날17유산균,2026-05-11,84.53038,비에날17유산균
비에날17유산균,2026-05-12,73.48066,비에날17유산균
비에날17유산균,2026-05-13,82.32044,비에날17유산균
비에날17유산균,2026-05-14,75.41436,비에날17유산균
비에날17유산균,2026-05-15,62.15469,비에날17유산균
비에날17유산균,2026-05-16,61.6022,비에날17유산균
비에날17유산균,2026-05-17,61.6022,비에날17유산균
비에날17유산균,2026-05-18,71.27071,비에날17유산균
비에날17유산균,2026-05-19,54.14364,비에날17유산균
비에날17유산균,2026-05-20,62.70718,비에날17유산균
비에날17유산균,2026-05-21,73.20441,비에날17유산균
비타민c,2026-05-08,66.49484,비타민c
비타민c,2026-05-09,68.04123,비타민c
비타민c,2026-05-10,63.23024,비타민c
비타민c,2026-05-11,82.98969,비타민c
비타민c,2026-05-12,77.14776,비타민c
비타민c,2026-05-13,73.36769,비타민c
비타민c,2026-05-14,72.33676,비타민c
비타민c,2026-05-15,72.33676,비타민c
비타민c,2026-05-16,50.68728,비타민c
비타민c,2026-05-17,58.0756,비타민c
비타민c,2026-05-18,69.93127,비타민c
비타민c,2026-05-19,71.64948,비타민c
비타민c,2026-05-20,65.63573,비타민c
비타민c,2026-05-21,58.59106,비타민c
비타민d,2026-05-08,82.68656,비타민d
비타민d,2026-05-09,69.55223,비타민d
비타민d,2026-05-10,50.74626,비타민d
비타민d,2026-05-11,77.61194,비타민d
비타민d,2026-05-12,51.64179,비타민d
비타민d,2026-05-13,70.74626,비타민d
비타민d,2026-05-14,67.16417,비타민d
비타민d,2026-05-15,51.94029,비타민d
비타민d,2026-05-16,57.31343,비타민d
비타민d,2026-05-17,59.10447,비타민d
비타민d,2026-05-18,65.07462,비타민d
비타민d,2026-05-19,60.89552,비타민d
비타민d,2026-05-20,76.1194,비타민d
비타민d,2026-05-21,58.20895,비타민d
빅토리아탄산수,2026-05-08,43.94366,빅토리아탄산수
빅토리아탄산수,2026-05-09,52.95774,빅토리아탄산수
빅토리아탄산수,2026-05-10,66.47887,빅토리아탄산수
빅토리아탄산수,2026-05-11,76.05633,빅토리아탄산수
빅토리아탄산수,2026-05-12,59.7183,빅토리아탄산수
빅토리아탄산수,2026-05-13,48.16901,빅토리아탄산수
빅토리아탄산수,2026-05-14,69.29577,빅토리아탄산수
빅토리아탄산수,2026-05-15,47.60563,빅토리아탄산수
빅토리아탄산수,2026-05-16,52.11267,빅토리아탄산수
빅토리아탄산수,2026-05-17,73.23943,빅토리아탄산수
빅토리아탄산수,2026-05-18,65.6338,빅토리아탄산수
빅토리아탄산수,2026-05-19,68.4507,빅토리아탄산수
빅토리아탄산수,2026-05-20,61.97183,빅토리아탄산수
빅토리아탄산수,2026-05-21,59.15492,빅토리아탄산수
뼈엔엠비피mbp,2026-05-08,60.58201,뼈엔엠비피mbp
뼈엔엠비피mbp,2026-05-09,70.89947,뼈엔엠비피mbp
뼈엔엠비피mbp,2026-05-10,61.64021,뼈엔엠비피mbp
뼈엔엠비피mbp,2026-05-11,62.96296,뼈엔엠비피mbp
뼈엔엠비피mbp,2026-05-12,76.45502,뼈엔엠비피mbp
뼈엔엠비피mbp,2026-05-13,68.51851,뼈엔엠비피mbp
뼈엔엠비피mbp,2026-05-14,85.71428,뼈엔엠비피mbp
뼈엔엠비피mbp,2026-05-15,48.67724,뼈엔엠비피mbp
뼈엔엠비피mbp,2026-05-16,78.04232,뼈엔엠비피mbp
뼈엔엠비피mbp,2026-05-17,60.05291,뼈엔엠비피mbp
뼈엔엠비피mbp,2026-05-18,54.7619,뼈엔엠비피mbp
뼈엔엠비피mbp,2026-05-19,45.76719,뼈엔엠비피mbp
뼈엔엠비피mbp,2026-05-20,69.57671,뼈엔엠비피mbp
뼈엔엠비피mbp,2026-05-21,71.95767,뼈엔엠비피mbp
사과,2026-05-08,48.52459,사과
사과,2026-05-09,47.21311,사과
사과,2026-05-10,50.81967,사과
사과,2026-05-11,55.30054,사과
사과,2026-05-12,60.76502,사과
사과,2026-05-13,58.25136,사과
사과,2026-05-14,60.32786,사과
사과,2026-05-15,53.87978,사과
사과,2026-05-16,43.16939,사과
사과,2026-05-17,46.66666,사과
사과,2026-05-18,61.96721,사과
사과,2026-05-19,54.86338,사과
사과,2026-05-20,51.91256,사과
사과,2026-05-21,51.25683,사과
산딸기,2026-05-08,62.16931,산딸기
산딸기,2026-05-09,47.61904,산딸기
산딸기,2026-05-10,68.51851,산딸기
산딸기,2026-05-11,79.62962,산딸기
산딸기,2026-05-12,78.83597,산딸기
산딸기,2026-05-13,83.33333,산딸기
산딸기,2026-05-14,63.49206,산딸기
산딸기,2026-05-15,45.50264,산딸기
산딸기,2026-05-16,50.79365,산딸기
산딸기,2026-05-17,62.69841,산딸기
산딸기,2026-05-18,73.54497,산딸기
산딸기,2026-05-19,78.83597,산딸기
산딸기,2026-05-20,65.07936,산딸기
산딸기,2026-05-21,72.22222,산딸기
삼겹살,2026-05-08,33.58778,삼겹살
삼겹살,2026-05-09,27.09923,삼겹살
삼겹살,2026-05-10,41.79389,삼겹살
삼겹살,2026-05-11,42.17557,삼겹살
삼겹살,2026-05-12,41.98473,삼겹살
삼겹살,2026-05-13,46.1832,삼겹살
삼겹살,2026-05-14,38.16793,삼겹살
삼겹살,2026-05-15,32.63358,삼겹살
삼겹살,2026-05-16,25.38167,삼겹살
삼겹살,2026-05-17,31.10687,삼겹살
삼겹살,2026-05-18,37.59541,삼겹살
삼겹살,2026-05-19,37.21374,삼겹살
삼겹살,2026-05-20,41.79389,삼겹살
삼겹살,2026-05-21,45.99236,삼겹살
삼다수,2026-05-08,42.74809,삼다수
삼다수,2026-05-09,41.03053,삼다수
삼다수,2026-05-10,44.46564,삼다수
삼다수,2026-05-11,59.1603,삼다수
삼다수,2026-05-12,55.15267,삼다수
삼다수,2026-05-13,49.42748,삼다수
삼다수,2026-05-14,54.58015,삼다수
삼다수,2026-05-15,49.42748,삼다수
삼다수,2026-05-16,36.64122,삼다수
삼다수,2026-05-17,57.06106,삼다수
삼다수,2026-05-18,59.92366,삼다수
삼다수,2026-05-19,66.79389,삼다수
삼다수,2026-05-20,49.61832,삼다수
삼다수,2026-05-21,46.1832,삼다수
삼다수2l,2026-05-08,49.3865,삼다수2l
삼다수2l,2026-05-09,38.6503,삼다수2l
삼다수2l,2026-05-10,57.66871,삼다수2l
삼다수2l,2026-05-11,81.59509,삼다수2l
삼다수2l,2026-05-12,83.74233,삼다수2l
삼다수2l,2026-05-13,69.6319,삼다수2l
삼다수2l,2026-05-14,80.98159,삼다수2l
삼다수2l,2026-05-15,72.39263,삼다수2l
삼다수2l,2026-05-16,57.66871,삼다수2l
삼다수2l,2026-05-17,65.33742,삼다수2l
삼다수2l,2026-05-18,88.95705,삼다수2l
삼다수2l,2026-05-19,62.26993,삼다수2l
삼다수2l,2026-05-20,52.45398,삼다수2l
삼다수2l,2026-05-21,68.71165,삼다수2l
삼원가든우거지탕,2026-05-08,0.542,삼원가든우거지탕
삼원가든우거지탕,2026-05-09,0.542,삼원가든우거지탕
삼원가든우거지탕,2026-05-10,0.271,삼원가든우거지탕
삼원가든우거지탕,2026-05-12,1.35501,삼원가든우거지탕
삼원가든우거지탕,2026-05-13,1.08401,삼원가든우거지탕
삼원가든우거지탕,2026-05-14,0.271,삼원가든우거지탕
삼원가든우거지탕,2026-05-15,0.813,삼원가든우거지탕
삼원가든우거지탕,2026-05-18,0.813,삼원가든우거지탕
삼원가든우거지탕,2026-05-19,0.813,삼원가든우거지탕
삼원가든우거지탕,2026-05-20,1.35501,삼원가든우거지탕
삼원가든우거지탕,2026-05-21,63.41463,삼원가든우거지탕
새우젓,2026-05-08,45.37313,새우젓
새우젓,2026-05-09,42.38805,새우젓
새우젓,2026-05-10,43.58208,새우젓
새우젓,2026-05-11,57.91044,새우젓
새우젓,2026-05-12,49.85074,새우젓
새우젓,2026-05-13,54.32835,새우젓
새우젓,2026-05-14,43.28358,새우젓
새우젓,2026-05-15,43.58208,새우젓
새우젓,2026-05-16,41.49253,새우젓
새우젓,2026-05-17,61.49253,새우젓
새우젓,2026-05-18,52.53731,새우젓
새우젓,2026-05-19,41.79104,새우젓
새우젓,2026-05-20,45.07462,새우젓
새우젓,2026-05-21,57.91044,새우젓
새조개,2026-05-08,88.03088,새조개
새조개,2026-05-09,48.26254,새조개
새조개,2026-05-10,49.80694,새조개
새조개,2026-05-11,59.84555,새조개
새조개,2026-05-12,59.45945,새조개
새조개,2026-05-13,76.83397,새조개
새조개,2026-05-14,100,새조개
새조개,2026-05-15,70.65637,새조개
새조개,2026-05-16,33.97683,새조개
새조개,2026-05-17,34.36293,새조개
새조개,2026-05-18,54.44015,새조개
새조개,2026-05-19,50.19305,새조개
새조개,2026-05-20,69.88416,새조개
새조개,2026-05-21,67.95366,새조개
생수,2026-05-08,63.93659,생수
생수,2026-05-09,54.16116,생수
생수,2026-05-10,59.18097,생수
생수,2026-05-11,85.73315,생수
생수,2026-05-12,77.67503,생수
생수,2026-05-13,72.12681,생수
생수,2026-05-14,70.01321,생수
생수,2026-05-15,67.107,생수
생수,2026-05-16,57.99207,생수
생수,2026-05-17,75.82562,생수
생수,2026-05-18,91.28137,생수
생수,2026-05-19,86.12945,생수
생수,2026-05-20,67.6354,생수
생수,2026-05-21,71.99471,생수
생수500,2026-05-08,54.14012,생수500
생수500,2026-05-09,56.05095,생수500
생수500,2026-05-10,60.82802,생수500
생수500,2026-05-11,83.75796,생수500
생수500,2026-05-12,72.61146,생수500
생수500,2026-05-13,66.87898,생수500
생수500,2026-05-14,82.1656,생수500
생수500,2026-05-15,74.52229,생수500
생수500,2026-05-16,51.91082,생수500
생수500,2026-05-17,73.56687,생수500
생수500,2026-05-18,100,생수500
생수500,2026-05-19,78.02547,생수500
생수500,2026-05-20,57.96178,생수500
생수500,2026-05-21,65.28662,생수500
샤오커오라사탕,2026-05-08,80.44077,샤오커오라사탕
샤오커오라사탕,2026-05-09,67.49311,샤오커오라사탕
샤오커오라사탕,2026-05-10,100,샤오커오라사탕
샤오커오라사탕,2026-05-11,73.27823,샤오커오라사탕
샤오커오라사탕,2026-05-12,83.47107,샤오커오라사탕
샤오커오라사탕,2026-05-13,95.04132,샤오커오라사탕
샤오커오라사탕,2026-05-14,83.19559,샤오커오라사탕
샤오커오라사탕,2026-05-15,77.41046,샤오커오라사탕
샤오커오라사탕,2026-05-16,78.51239,샤오커오라사탕
샤오커오라사탕,2026-05-17,78.51239,샤오커오라사탕
샤오커오라사탕,2026-05-18,84.02203,샤오커오라사탕
샤오커오라사탕,2026-05-19,82.92011,샤오커오라사탕
샤오커오라사탕,2026-05-20,79.61432,샤오커오라사탕
샤오커오라사탕,2026-05-21,81.81818,샤오커오라사탕
샤인머스켓,2026-05-08,32.39875,샤인머스켓
샤인머스켓,2026-05-09,23.67601,샤인머스켓
샤인머스켓,2026-05-10,45.17133,샤인머스켓
샤인머스켓,2026-05-11,40.49844,샤인머스켓
샤인머스켓,2026-05-12,38.31775,샤인머스켓
샤인머스켓,2026-05-13,38.62928,샤인머스켓
샤인머스켓,2026-05-14,38.62928,샤인머스켓
샤인머스켓,2026-05-15,27.1028,샤인머스켓
샤인머스켓,2026-05-16,28.3489,샤인머스켓
샤인머스켓,2026-05-17,51.09034,샤인머스켓
샤인머스켓,2026-05-18,49.22118,샤인머스켓
샤인머스켓,2026-05-19,44.23676,샤인머스켓
샤인머스켓,2026-05-20,42.99065,샤인머스켓
샤인머스켓,2026-05-21,61.99376,샤인머스켓
수박,2026-05-08,45.2459,수박
수박,2026-05-09,49.72677,수박
수박,2026-05-10,43.27868,수박
수박,2026-05-11,51.03825,수박
수박,2026-05-12,72.24043,수박
수박,2026-05-13,59.67213,수박
수박,2026-05-14,56.61202,수박
수박,2026-05-15,59.67213,수박
수박,2026-05-16,46.2295,수박
수박,2026-05-17,58.68852,수박
수박,2026-05-18,70.27322,수박
수박,2026-05-19,73.98907,수박
수박,2026-05-20,62.40437,수박
수박,2026-05-21,52.67759,수박
수향미,2026-05-08,52.73224,수향미
수향미,2026-05-09,56.01092,수향미
수향미,2026-05-10,62.5683,수향미
수향미,2026-05-11,75.40983,수향미
수향미,2026-05-12,67.21311,수향미
수향미,2026-05-13,63.93442,수향미
수향미,2026-05-14,68.85245,수향미
수향미,2026-05-15,53.82513,수향미
수향미,2026-05-16,48.36065,수향미
수향미,2026-05-17,61.4754,수향미
수향미,2026-05-18,63.93442,수향미
수향미,2026-05-19,65.30054,수향미
수향미,2026-05-20,80.32786,수향미
수향미,2026-05-21,68.30601,수향미
수향미10kg,2026-05-08,67.99116,수향미10kg
수향미10kg,2026-05-09,57.83664,수향미10kg
수향미10kg,2026-05-10,66.66666,수향미10kg
수향미10kg,2026-05-11,67.10816,수향미10kg
수향미10kg,2026-05-12,60.48565,수향미10kg
수향미10kg,2026-05-13,54.74613,수향미10kg
수향미10kg,2026-05-14,63.3554,수향미10kg
수향미10kg,2026-05-15,49.44812,수향미10kg
수향미10kg,2026-05-16,50.77262,수향미10kg
수향미10kg,2026-05-17,50.11037,수향미10kg
수향미10kg,2026-05-18,56.73289,수향미10kg
수향미10kg,2026-05-19,59.38189,수향미10kg
수향미10kg,2026-05-20,65.12141,수향미10kg
수향미10kg,2026-05-21,69.31567,수향미10kg
순수한둠비,2026-05-08,1.45348,순수한둠비
순수한둠비,2026-05-09,4.36046,순수한둠비
순수한둠비,2026-05-10,2.61627,순수한둠비
순수한둠비,2026-05-11,5.81395,순수한둠비
순수한둠비,2026-05-12,3.19767,순수한둠비
순수한둠비,2026-05-13,2.32558,순수한둠비
순수한둠비,2026-05-14,5.52325,순수한둠비
순수한둠비,2026-05-15,5.23255,순수한둠비
순수한둠비,2026-05-16,6.10465,순수한둠비
순수한둠비,2026-05-17,2.03488,순수한둠비
순수한둠비,2026-05-18,3.48837,순수한둠비
순수한둠비,2026-05-19,34.30232,순수한둠비
순수한둠비,2026-05-20,54.94186,순수한둠비
순수한둠비,2026-05-21,54.06976,순수한둠비
스테이크,2026-05-08,7.87172,스테이크
스테이크,2026-05-09,10.49562,스테이크
스테이크,2026-05-10,9.91253,스테이크
스테이크,2026-05-11,5.24781,스테이크
스테이크,2026-05-12,13.99416,스테이크
스테이크,2026-05-13,11.07871,스테이크
스테이크,2026-05-14,9.62099,스테이크
스테이크,2026-05-15,6.99708,스테이크
스테이크,2026-05-16,13.99416,스테이크
스테이크,2026-05-17,10.49562,스테이크
스테이크,2026-05-18,8.45481,스테이크
스테이크,2026-05-19,8.74635,스테이크
스테이크,2026-05-20,12.24489,스테이크
스테이크,2026-05-21,52.47813,스테이크
시오콘부,2026-05-08,79.44785,시오콘부
시오콘부,2026-05-09,58.2822,시오콘부
시오콘부,2026-05-10,62.26993,시오콘부
시오콘부,2026-05-11,62.88343,시오콘부
시오콘부,2026-05-12,64.11042,시오콘부
시오콘부,2026-05-13,79.7546,시오콘부
시오콘부,2026-05-14,58.8957,시오콘부
시오콘부,2026-05-15,42.33128,시오콘부
시오콘부,2026-05-16,46.93251,시오콘부
시오콘부,2026-05-17,50.92024,시오콘부
시오콘부,2026-05-18,44.47852,시오콘부
시오콘부,2026-05-19,71.47239,시오콘부
시오콘부,2026-05-20,82.20858,시오콘부
시오콘부,2026-05-21,68.09815,시오콘부
신동진경기아끼바레쌀,2026-05-19,19.30501,신동진경기아끼바레쌀
신동진경기아끼바레쌀,2026-05-20,38.61003,신동진경기아끼바레쌀
신동진경기아끼바레쌀,2026-05-21,67.56756,신동진경기아끼바레쌀
신비복숭아,2026-05-08,33.59073,신비복숭아
신비복숭아,2026-05-09,28.18532,신비복숭아
신비복숭아,2026-05-10,42.08494,신비복숭아
신비복숭아,2026-05-11,45.55984,신비복숭아
신비복숭아,2026-05-12,54.05405,신비복숭아
신비복숭아,2026-05-13,76.83397,신비복숭아
신비복숭아,2026-05-14,59.07335,신비복숭아
신비복숭아,2026-05-15,74.51737,신비복숭아
신비복숭아,2026-05-16,44.78764,신비복숭아
신비복숭아,2026-05-17,47.49034,신비복숭아
신비복숭아,2026-05-18,91.11969,신비복숭아
신비복숭아,2026-05-19,70.27027,신비복숭아
신비복숭아,2026-05-20,75.28957,신비복숭아
신비복숭아,2026-05-21,67.95366,신비복숭아
쌀,2026-05-08,69.20415,쌀
쌀,2026-05-09,70.58823,쌀
쌀,2026-05-10,83.73702,쌀
쌀,2026-05-11,99.30795,쌀
쌀,2026-05-12,96.19377,쌀
쌀,2026-05-13,100,쌀
쌀,2026-05-14,90.31141,쌀
쌀,2026-05-15,67.47404,쌀
쌀,2026-05-16,54.67128,쌀
쌀,2026-05-17,87.88927,쌀
쌀,2026-05-18,89.96539,쌀
쌀,2026-05-19,77.16262,쌀
쌀,2026-05-20,80.96885,쌀
쌀,2026-05-21,72.66435,쌀
쌀10kg,2026-05-08,69.97026,쌀10kg
쌀10kg,2026-05-09,60.35678,쌀10kg
쌀10kg,2026-05-10,74.1328,쌀10kg
쌀10kg,2026-05-11,74.03369,쌀10kg
쌀10kg,2026-05-12,75.12388,쌀10kg
쌀10kg,2026-05-13,69.97026,쌀10kg
쌀10kg,2026-05-14,70.86223,쌀10kg
쌀10kg,2026-05-15,58.96927,쌀10kg
쌀10kg,2026-05-16,61.44697,쌀10kg
쌀10kg,2026-05-17,72.8444,쌀10kg
쌀10kg,2026-05-18,73.04261,쌀10kg
쌀10kg,2026-05-19,69.57383,쌀10kg
쌀10kg,2026-05-20,73.73637,쌀10kg
쌀10kg,2026-05-21,81.26858,쌀10kg
쌀20kg,2026-05-08,71.35777,쌀20kg
쌀20kg,2026-05-09,79.48463,쌀20kg
쌀20kg,2026-05-10,87.51238,쌀20kg
쌀20kg,2026-05-11,92.17046,쌀20kg
쌀20kg,2026-05-12,84.34093,쌀20kg
쌀20kg,2026-05-13,82.35877,쌀20kg
쌀20kg,2026-05-14,83.94449,쌀20kg
쌀20kg,2026-05-15,74.82656,쌀20kg
쌀20kg,2026-05-16,78.49355,쌀20kg
쌀20kg,2026-05-17,89.79187,쌀20kg
쌀20kg,2026-05-18,91.3776,쌀20kg
쌀20kg,2026-05-19,91.4767,쌀20kg
쌀20kg,2026-05-20,100,쌀20kg
쌀20kg,2026-05-21,90.28741,쌀20kg
아르기닌,2026-05-08,65.37313,아르기닌
아르기닌,2026-05-09,47.46268,아르기닌
아르기닌,2026-05-10,63.28358,아르기닌
아르기닌,2026-05-11,79.10447,아르기닌
아르기닌,2026-05-12,78.50746,아르기닌
아르기닌,2026-05-13,70.74626,아르기닌
아르기닌,2026-05-14,74.92537,아르기닌
아르기닌,2026-05-15,58.80597,아르기닌
아르기닌,2026-05-16,46.86567,아르기닌
아르기닌,2026-05-17,64.1791,아르기닌
아르기닌,2026-05-18,63.88059,아르기닌
아르기닌,2026-05-19,71.64179,아르기닌
아르기닌,2026-05-20,74.02985,아르기닌
아르기닌,2026-05-21,58.80597,아르기닌
아보카도,2026-05-08,80.66914,아보카도
아보카도,2026-05-09,64.31226,아보카도
아보카도,2026-05-10,91.07806,아보카도
아보카도,2026-05-11,86.98884,아보카도
아보카도,2026-05-12,82.15613,아보카도
아보카도,2026-05-13,70.26022,아보카도
아보카도,2026-05-14,66.54275,아보카도
아보카도,2026-05-15,51.30111,아보카도
아보카도,2026-05-16,50.18587,아보카도
아보카도,2026-05-17,47.95539,아보카도
아보카도,2026-05-18,75.83643,아보카도
아보카도,2026-05-19,100,아보카도
아보카도,2026-05-20,61.71003,아보카도
아보카도,2026-05-21,65.05576,아보카도
아이스크림,2026-05-08,44.47674,아이스크림
아이스크림,2026-05-09,54.06976,아이스크림
아이스크림,2026-05-10,38.66279,아이스크림
아이스크림,2026-05-11,56.39534,아이스크림
아이스크림,2026-05-12,49.4186,아이스크림
아이스크림,2026-05-13,52.03488,아이스크림
아이스크림,2026-05-14,63.95348,아이스크림
아이스크림,2026-05-15,71.51162,아이스크림
아이스크림,2026-05-16,74.7093,아이스크림
아이스크림,2026-05-17,79.36046,아이스크림
아이스크림,2026-05-18,100,아이스크림
아이스크림,2026-05-19,89.24418,아이스크림
아이스크림,2026-05-20,59.01162,아이스크림
아이스크림,2026-05-21,54.06976,아이스크림
알룰로스,2026-05-08,44.22442,알룰로스
알룰로스,2026-05-09,47.85478,알룰로스
알룰로스,2026-05-10,53.79537,알룰로스
알룰로스,2026-05-11,52.80528,알룰로스
알룰로스,2026-05-12,57.0957,알룰로스
알룰로스,2026-05-13,53.79537,알룰로스
알룰로스,2026-05-14,38.61386,알룰로스
알룰로스,2026-05-15,37.95379,알룰로스
알룰로스,2026-05-16,42.57425,알룰로스
알룰로스,2026-05-17,52.80528,알룰로스
알룰로스,2026-05-18,54.12541,알룰로스
알룰로스,2026-05-19,56.76567,알룰로스
알룰로스,2026-05-20,67.32673,알룰로스
알룰로스,2026-05-21,63.69636,알룰로스
알부민,2026-05-08,62.02749,알부민
알부민,2026-05-09,40.20618,알부민
알부민,2026-05-10,53.43642,알부민
알부민,2026-05-11,56.70103,알부민
알부민,2026-05-12,48.62542,알부민
알부민,2026-05-13,48.28178,알부민
알부민,2026-05-14,49.82817,알부민
알부민,2026-05-15,47.93814,알부민
알부민,2026-05-16,47.07903,알부민
알부민,2026-05-17,39.5189,알부민
알부민,2026-05-18,46.0481,알부민
알부민,2026-05-19,52.92096,알부민
알부민,2026-05-20,52.92096,알부민
알부민,2026-05-21,56.87285,알부민
알파cd,2026-05-08,29.96183,알파cd
알파cd,2026-05-09,100,알파cd
알파cd,2026-05-10,58.01526,알파cd
알파cd,2026-05-11,31.87022,알파cd
알파cd,2026-05-12,46.75572,알파cd
알파cd,2026-05-13,55.15267,알파cd
알파cd,2026-05-14,68.70229,알파cd
알파cd,2026-05-15,49.61832,알파cd
알파cd,2026-05-16,37.59541,알파cd
알파cd,2026-05-17,35.49618,알파cd
알파cd,2026-05-18,33.96946,알파cd
알파cd,2026-05-19,69.65648,알파cd
알파cd,2026-05-20,49.80916,알파cd
알파cd,2026-05-21,45.99236,알파cd
암꽃게,2026-05-08,52.05047,암꽃게
암꽃게,2026-05-09,39.27444,암꽃게
암꽃게,2026-05-10,52.52365,암꽃게
암꽃게,2026-05-11,55.67823,암꽃게
암꽃게,2026-05-12,46.37223,암꽃게
암꽃게,2026-05-13,45.58359,암꽃게
암꽃게,2026-05-14,59.46372,암꽃게
암꽃게,2026-05-15,39.90536,암꽃게
암꽃게,2026-05-16,29.81072,암꽃게
암꽃게,2026-05-17,31.38801,암꽃게
암꽃게,2026-05-18,52.99684,암꽃게
암꽃게,2026-05-19,40.53627,암꽃게
암꽃게,2026-05-20,49.21135,암꽃게
암꽃게,2026-05-21,54.25867,암꽃게
애사비,2026-05-08,64.72392,애사비
애사비,2026-05-09,54.29447,애사비
애사비,2026-05-10,55.52147,애사비
애사비,2026-05-11,57.05521,애사비
애사비,2026-05-12,53.98773,애사비
애사비,2026-05-13,67.17791,애사비
애사비,2026-05-14,97.23926,애사비
애사비,2026-05-15,67.48466,애사비
애사비,2026-05-16,72.69938,애사비
애사비,2026-05-17,76.07361,애사비
애사비,2026-05-18,82.51533,애사비
애사비,2026-05-19,100,애사비
애사비,2026-05-20,65.33742,애사비
애사비,2026-05-21,68.09815,애사비
앵커버터,2026-05-08,46.17834,앵커버터
앵커버터,2026-05-09,31.21019,앵커버터
앵커버터,2026-05-10,53.50318,앵커버터
앵커버터,2026-05-11,73.2484,앵커버터
앵커버터,2026-05-12,62.10191,앵커버터
앵커버터,2026-05-13,53.50318,앵커버터
앵커버터,2026-05-14,52.86624,앵커버터
앵커버터,2026-05-15,48.72611,앵커버터
앵커버터,2026-05-16,35.66878,앵커버터
앵커버터,2026-05-17,48.72611,앵커버터
앵커버터,2026-05-18,58.28025,앵커버터
앵커버터,2026-05-19,61.78343,앵커버터
앵커버터,2026-05-20,49.68152,앵커버터
앵커버터,2026-05-21,65.28662,앵커버터
야채도사,2026-05-08,41.7981,야채도사
야채도사,2026-05-09,35.48895,야채도사
야채도사,2026-05-10,40.37854,야채도사
야채도사,2026-05-11,52.36593,야채도사
야채도사,2026-05-12,52.52365,야채도사
야채도사,2026-05-13,55.36277,야채도사
야채도사,2026-05-14,50.47318,야채도사
야채도사,2026-05-15,41.16719,야채도사
야채도사,2026-05-16,34.85804,야채도사
야채도사,2026-05-17,27.44479,야채도사
야채도사,2026-05-18,49.21135,야채도사
야채도사,2026-05-19,52.2082,야채도사
야채도사,2026-05-20,56.15141,야채도사
야채도사,2026-05-21,55.99369,야채도사
양꼬치,2026-05-08,14.8688,양꼬치
양꼬치,2026-05-09,14.57725,양꼬치
양꼬치,2026-05-10,20.6997,양꼬치
양꼬치,2026-05-11,24.78134,양꼬치
양꼬치,2026-05-12,32.9446,양꼬치
양꼬치,2026-05-13,27.69679,양꼬치
양꼬치,2026-05-14,29.7376,양꼬치
양꼬치,2026-05-15,20.99125,양꼬치
양꼬치,2026-05-16,17.49271,양꼬치
양꼬치,2026-05-17,25.07288,양꼬치
양꼬치,2026-05-18,30.61224,양꼬치
양꼬치,2026-05-19,37.31778,양꼬치
양꼬치,2026-05-20,42.85714,양꼬치
양꼬치,2026-05-21,52.18658,양꼬치
양배추즙,2026-05-08,88.01089,양배추즙
양배추즙,2026-05-09,68.39237,양배추즙
양배추즙,2026-05-10,78.74659,양배추즙
양배추즙,2026-05-11,83.65122,양배추즙
양배추즙,2026-05-12,77.11171,양배추즙
양배추즙,2026-05-13,85.83106,양배추즙
양배추즙,2026-05-14,67.30245,양배추즙
양배추즙,2026-05-15,76.29427,양배추즙
양배추즙,2026-05-16,67.57493,양배추즙
양배추즙,2026-05-17,73.56948,양배추즙
양배추즙,2026-05-18,74.93188,양배추즙
양배추즙,2026-05-19,82.5613,양배추즙
양배추즙,2026-05-20,74.6594,양배추즙
양배추즙,2026-05-21,82.83378,양배추즙
양파,2026-05-08,59.11602,양파
양파,2026-05-09,35.63535,양파
양파,2026-05-10,54.69613,양파
양파,2026-05-11,67.67955,양파
양파,2026-05-12,66.02209,양파
양파,2026-05-13,51.38121,양파
양파,2026-05-14,55.24861,양파
양파,2026-05-15,44.19889,양파
양파,2026-05-16,51.38121,양파
양파,2026-05-17,61.32596,양파
양파,2026-05-18,96.96132,양파
양파,2026-05-19,89.779,양파
양파,2026-05-20,91.98895,양파
양파,2026-05-21,71.54696,양파
열무김치,2026-05-08,50.29761,열무김치
열무김치,2026-05-09,51.19047,열무김치
열무김치,2026-05-10,64.28571,열무김치
열무김치,2026-05-11,62.79761,열무김치
열무김치,2026-05-12,73.21428,열무김치
열무김치,2026-05-13,64.58333,열무김치
열무김치,2026-05-14,64.88095,열무김치
열무김치,2026-05-15,64.28571,열무김치
열무김치,2026-05-16,63.39285,열무김치
열무김치,2026-05-17,72.91666,열무김치
열무김치,2026-05-18,100,열무김치
열무김치,2026-05-19,79.16666,열무김치
열무김치,2026-05-20,77.67857,열무김치
열무김치,2026-05-21,67.55952,열무김치
오렌지,2026-05-08,72.22222,오렌지
오렌지,2026-05-09,64.97584,오렌지
오렌지,2026-05-10,81.15942,오렌지
오렌지,2026-05-11,84.29951,오렌지
오렌지,2026-05-12,74.63768,오렌지
오렌지,2026-05-13,72.22222,오렌지
오렌지,2026-05-14,85.02415,오렌지
오렌지,2026-05-15,56.76328,오렌지
오렌지,2026-05-16,67.14975,오렌지
오렌지,2026-05-17,68.11594,오렌지
오렌지,2026-05-18,100,오렌지
오렌지,2026-05-19,71.98067,오렌지
오렌지,2026-05-20,79.46859,오렌지
오렌지,2026-05-21,69.80676,오렌지
오메가3,2026-05-08,69.67294,오메가3
오메가3,2026-05-09,62.33894,오메가3
오메가3,2026-05-10,75.4212,오메가3
오메가3,2026-05-11,83.94449,오메가3
오메가3,2026-05-12,84.44003,오메가3
오메가3,2026-05-13,74.62834,오메가3
오메가3,2026-05-14,75.91674,오메가3
오메가3,2026-05-15,60.05946,오메가3
오메가3,2026-05-16,55.40138,오메가3
오메가3,2026-05-17,65.21308,오메가3
오메가3,2026-05-18,61.44697,오메가3
오메가3,2026-05-19,65.80773,오메가3
오메가3,2026-05-20,67.29435,오메가3
오메가3,2026-05-21,60.35678,오메가3
오이,2026-05-08,59.40246,오이
오이,2026-05-09,62.74165,오이
오이,2026-05-10,60.28119,오이
오이,2026-05-11,75.04393,오이
오이,2026-05-12,83.30404,오이
오이,2026-05-13,72.23198,오이
오이,2026-05-14,78.03163,오이
오이,2026-05-15,60.28119,오이
오이,2026-05-16,46.74868,오이
오이,2026-05-17,66.95957,오이
오이,2026-05-18,72.93497,오이
오이,2026-05-19,81.54657,오이
오이,2026-05-20,75.21968,오이
오이,2026-05-21,66.25659,오이
오징어,2026-05-08,61.8729,오징어
오징어,2026-05-09,65.88628,오징어
오징어,2026-05-10,85.28428,오징어
오징어,2026-05-11,87.29096,오징어
오징어,2026-05-12,100,오징어
오징어,2026-05-13,59.19732,오징어
오징어,2026-05-14,61.8729,오징어
오징어,2026-05-15,60.53511,오징어
오징어,2026-05-16,45.48494,오징어
오징어,2026-05-17,59.53177,오징어
오징어,2026-05-18,83.94648,오징어
오징어,2026-05-19,83.61204,오징어
오징어,2026-05-20,74.91638,오징어
오징어,2026-05-21,68.56187,오징어
오트밀,2026-05-08,61.85286,오트밀
오트밀,2026-05-09,52.58855,오트밀
오트밀,2026-05-10,64.85013,오트밀
오트밀,2026-05-11,80.10899,오트밀
오트밀,2026-05-12,72.75204,오트밀
오트밀,2026-05-13,66.21253,오트밀
오트밀,2026-05-14,65.12261,오트밀
오트밀,2026-05-15,52.58855,오트밀
오트밀,2026-05-16,36.51226,오트밀
오트밀,2026-05-17,52.86103,오트밀
오트밀,2026-05-18,100,오트밀
오트밀,2026-05-19,63.21525,오트밀
오트밀,2026-05-20,60.21798,오트밀
오트밀,2026-05-21,50.13623,오트밀
옥수수,2026-05-08,61.53846,옥수수
옥수수,2026-05-09,48.22485,옥수수
옥수수,2026-05-10,59.46745,옥수수
옥수수,2026-05-11,79.88165,옥수수
옥수수,2026-05-12,78.69822,옥수수
옥수수,2026-05-13,77.21893,옥수수
옥수수,2026-05-14,74.26035,옥수수
옥수수,2026-05-15,62.42603,옥수수
옥수수,2026-05-16,53.55029,옥수수
옥수수,2026-05-17,44.97041,옥수수
옥수수,2026-05-18,70.4142,옥수수
옥수수,2026-05-19,69.23076,옥수수
옥수수,2026-05-20,69.23076,옥수수
옥수수,2026-05-21,63.90532,옥수수
올리브오일,2026-05-08,93.8127,올리브오일
올리브오일,2026-05-09,79.43143,올리브오일
올리브오일,2026-05-10,100,올리브오일
올리브오일,2026-05-11,95.48494,올리브오일
올리브오일,2026-05-12,95.1505,올리브오일
올리브오일,2026-05-13,86.78929,올리브오일
올리브오일,2026-05-14,81.2709,올리브오일
올리브오일,2026-05-15,82.44147,올리브오일
올리브오일,2026-05-16,69.39799,올리브오일
올리브오일,2026-05-17,85.61872,올리브오일
올리브오일,2026-05-18,81.77257,올리브오일
올리브오일,2026-05-19,85.4515,올리브오일
올리브오일,2026-05-20,79.59866,올리브오일
올리브오일,2026-05-21,71.40468,올리브오일
완두콩,2026-05-08,56.76328,완두콩
완두콩,2026-05-09,48.55072,완두콩
완두콩,2026-05-10,42.02898,완두콩
완두콩,2026-05-11,64.97584,완두콩
완두콩,2026-05-12,65.21739,완두콩
완두콩,2026-05-13,62.56038,완두콩
완두콩,2026-05-14,70.28985,완두콩
완두콩,2026-05-15,69.80676,완두콩
완두콩,2026-05-16,65.21739,완두콩
완두콩,2026-05-17,63.52657,완두콩
완두콩,2026-05-18,70.0483,완두콩
완두콩,2026-05-19,86.71497,완두콩
완두콩,2026-05-20,84.29951,완두콩
완두콩,2026-05-21,67.87439,완두콩
유기농레몬즙,2026-05-08,41.43302,유기농레몬즙
유기농레몬즙,2026-05-09,54.51713,유기농레몬즙
유기농레몬즙,2026-05-10,45.48286,유기농레몬즙
유기농레몬즙,2026-05-11,56.38629,유기농레몬즙
유기농레몬즙,2026-05-12,60.74766,유기농레몬즙
유기농레몬즙,2026-05-13,57.00934,유기농레몬즙
유기농레몬즙,2026-05-14,49.84423,유기농레몬즙
유기농레몬즙,2026-05-15,40.18691,유기농레몬즙
유기농레몬즙,2026-05-16,33.33333,유기농레몬즙
유기농레몬즙,2026-05-17,56.38629,유기농레몬즙
유기농레몬즙,2026-05-18,54.51713,유기농레몬즙
유기농레몬즙,2026-05-19,59.50155,유기농레몬즙
유기농레몬즙,2026-05-20,53.27102,유기농레몬즙
유기농레몬즙,2026-05-21,62.61682,유기농레몬즙
유산균,2026-05-08,71.67968,유산균
유산균,2026-05-09,75.39062,유산균
유산균,2026-05-10,92.96875,유산균
유산균,2026-05-11,99.02343,유산균
유산균,2026-05-12,92.77343,유산균
유산균,2026-05-13,86.91406,유산균
유산균,2026-05-14,85.74218,유산균
유산균,2026-05-15,73.63281,유산균
유산균,2026-05-16,59.375,유산균
유산균,2026-05-17,62.89062,유산균
유산균,2026-05-18,84.96093,유산균
유산균,2026-05-19,71.09375,유산균
유산균,2026-05-20,72.65625,유산균
유산균,2026-05-21,86.71875,유산균
육포,2026-05-08,42.56926,육포
육포,2026-05-09,36.77581,육포
육포,2026-05-10,51.63727,육포
육포,2026-05-11,50.37783,육포
육포,2026-05-12,47.10327,육포
육포,2026-05-13,50.62972,육포
육포,2026-05-14,50.88161,육포
육포,2026-05-15,33.24937,육포
육포,2026-05-16,35.26448,육포
육포,2026-05-17,41.8136,육포
육포,2026-05-18,46.59949,육포
육포,2026-05-19,49.87405,육포
육포,2026-05-20,53.65239,육포
육포,2026-05-21,45.59193,육포
육회,2026-05-08,53.5117,육회
육회,2026-05-09,22.74247,육회
육회,2026-05-10,27.0903,육회
육회,2026-05-11,72.57525,육회
육회,2026-05-12,68.56187,육회
육회,2026-05-13,61.20401,육회
육회,2026-05-14,61.53846,육회
육회,2026-05-15,50.50167,육회
육회,2026-05-16,27.0903,육회
육회,2026-05-17,33.44481,육회
육회,2026-05-18,60.86956,육회
육회,2026-05-19,60.20066,육회
육회,2026-05-20,71.90635,육회
육회,2026-05-21,68.56187,육회
이클립스,2026-05-08,72.89719,이클립스
이클립스,2026-05-09,73.52024,이클립스
이클립스,2026-05-10,74.45482,이클립스
이클립스,2026-05-11,100,이클립스
이클립스,2026-05-12,74.76635,이클립스
이클립스,2026-05-13,84.7352,이클립스
이클립스,2026-05-14,77.25856,이클립스
이클립스,2026-05-15,63.86292,이클립스
이클립스,2026-05-16,69.15887,이클립스
이클립스,2026-05-17,78.81619,이클립스
이클립스,2026-05-18,75.3894,이클립스
이클립스,2026-05-19,62.92834,이클립스
이클립스,2026-05-20,60.74766,이클립스
이클립스,2026-05-21,62.30529,이클립스
임박,2026-05-08,82.42187,임박
임박,2026-05-09,66.99218,임박
임박,2026-05-10,54.10156,임박
임박,2026-05-11,73.24218,임박
임박,2026-05-12,83.39843,임박
임박,2026-05-13,71.28906,임박
임박,2026-05-14,80.27343,임박
임박,2026-05-15,80.66406,임박
임박,2026-05-16,58.59375,임박
임박,2026-05-17,57.42187,임박
임박,2026-05-18,84.375,임박
임박,2026-05-19,100,임박
임박,2026-05-20,76.17187,임박
임박,2026-05-21,87.5,임박
자두,2026-05-08,48.50948,자두
자두,2026-05-09,31.16531,자두
자두,2026-05-10,53.38753,자두
자두,2026-05-11,46.88346,자두
자두,2026-05-12,38.48238,자두
자두,2026-05-13,54.47154,자두
자두,2026-05-14,59.62059,자두
자두,2026-05-15,32.52032,자두
자두,2026-05-16,25.74525,자두
자두,2026-05-17,40.9214,자두
자두,2026-05-18,58.80758,자두
자두,2026-05-19,49.86449,자두
자두,2026-05-20,63.68563,자두
자두,2026-05-21,63.41463,자두
장어,2026-05-08,59.78494,장어
장어,2026-05-09,35.69892,장어
장어,2026-05-10,39.35483,장어
장어,2026-05-11,45.59139,장어
장어,2026-05-12,53.97849,장어
장어,2026-05-13,50.10752,장어
장어,2026-05-14,65.80645,장어
장어,2026-05-15,44.94623,장어
장어,2026-05-16,30.53763,장어
장어,2026-05-17,26.45161,장어
장어,2026-05-18,42.79569,장어
장어,2026-05-19,57.6344,장어
장어,2026-05-20,50.32258,장어
장어,2026-05-21,53.11827,장어
전복,2026-05-08,78.83597,전복
전복,2026-05-09,51.85185,전복
전복,2026-05-10,59.5238,전복
전복,2026-05-11,58.73015,전복
전복,2026-05-12,83.33333,전복
전복,2026-05-13,72.75132,전복
전복,2026-05-14,69.84126,전복
전복,2026-05-15,71.16402,전복
전복,2026-05-16,50.79365,전복
전복,2026-05-17,50.79365,전복
전복,2026-05-18,67.98941,전복
전복,2026-05-19,65.07936,전복
전복,2026-05-20,64.02116,전복
전복,2026-05-21,72.22222,전복
전투식량,2026-05-08,50.16501,전투식량
전투식량,2026-05-09,62.37623,전투식량
전투식량,2026-05-10,61.38613,전투식량
전투식량,2026-05-11,71.28712,전투식량
전투식량,2026-05-12,66.99669,전투식량
전투식량,2026-05-13,50.82508,전투식량
전투식량,2026-05-14,52.47524,전투식량
전투식량,2026-05-15,45.54455,전투식량
전투식량,2026-05-16,38.94389,전투식량
전투식량,2026-05-17,55.77557,전투식량
전투식량,2026-05-18,54.78547,전투식량
전투식량,2026-05-19,56.10561,전투식량
전투식량,2026-05-20,69.63696,전투식량
전투식량,2026-05-21,72.60726,전투식량
정관장에브리타임,2026-05-08,85.80858,정관장에브리타임
정관장에브리타임,2026-05-09,88.44884,정관장에브리타임
정관장에브리타임,2026-05-10,76.89768,정관장에브리타임
정관장에브리타임,2026-05-11,79.53795,정관장에브리타임
정관장에브리타임,2026-05-12,90.099,정관장에브리타임
정관장에브리타임,2026-05-13,78.54785,정관장에브리타임
정관장에브리타임,2026-05-14,78.87788,정관장에브리타임
정관장에브리타임,2026-05-15,79.53795,정관장에브리타임
정관장에브리타임,2026-05-16,76.89768,정관장에브리타임
정관장에브리타임,2026-05-17,72.60726,정관장에브리타임
정관장에브리타임,2026-05-18,68.97689,정관장에브리타임
정관장에브리타임,2026-05-19,70.29702,정관장에브리타임
정관장에브리타임,2026-05-20,72.27722,정관장에브리타임
정관장에브리타임,2026-05-21,72.27722,정관장에브리타임
조니워커블루라벨,2026-05-08,28.16455,조니워커블루라벨
조니워커블루라벨,2026-05-09,22.78481,조니워커블루라벨
조니워커블루라벨,2026-05-10,28.79746,조니워커블루라벨
조니워커블루라벨,2026-05-11,31.32911,조니워커블루라벨
조니워커블루라벨,2026-05-12,26.89873,조니워커블루라벨
조니워커블루라벨,2026-05-13,27.8481,조니워커블루라벨
조니워커블루라벨,2026-05-14,32.59493,조니워커블루라벨
조니워커블루라벨,2026-05-15,26.26582,조니워커블루라벨
조니워커블루라벨,2026-05-16,21.20253,조니워커블루라벨
조니워커블루라벨,2026-05-17,20.88607,조니워커블루라벨
조니워커블루라벨,2026-05-18,19.62025,조니워커블루라벨
조니워커블루라벨,2026-05-19,20.25316,조니워커블루라벨
조니워커블루라벨,2026-05-20,38.92405,조니워커블루라벨
조니워커블루라벨,2026-05-21,60.12658,조니워커블루라벨
조선호텔김치,2026-05-08,67.85714,조선호텔김치
조선호텔김치,2026-05-09,79.54545,조선호텔김치
조선호텔김치,2026-05-10,95.77922,조선호텔김치
조선호텔김치,2026-05-11,100,조선호텔김치
조선호텔김치,2026-05-12,91.88311,조선호텔김치
조선호텔김치,2026-05-13,91.55844,조선호텔김치
조선호텔김치,2026-05-14,84.0909,조선호텔김치
조선호텔김치,2026-05-15,64.61038,조선호텔김치
조선호텔김치,2026-05-16,91.55844,조선호텔김치
조선호텔김치,2026-05-17,88.96103,조선호텔김치
조선호텔김치,2026-05-18,83.11688,조선호텔김치
조선호텔김치,2026-05-19,71.42857,조선호텔김치
조선호텔김치,2026-05-20,94.48051,조선호텔김치
조선호텔김치,2026-05-21,75,조선호텔김치
죽순,2026-05-08,38.53904,죽순
죽순,2026-05-09,39.79848,죽순
죽순,2026-05-10,36.02015,죽순
죽순,2026-05-11,46.09571,죽순
죽순,2026-05-12,50.37783,죽순
죽순,2026-05-13,41.8136,죽순
죽순,2026-05-14,46.59949,죽순
죽순,2026-05-15,34.00503,죽순
죽순,2026-05-16,36.02015,죽순
죽순,2026-05-17,41.30982,죽순
죽순,2026-05-18,66.49874,죽순
죽순,2026-05-19,37.27959,죽순
죽순,2026-05-20,37.78337,죽순
죽순,2026-05-21,45.84382,죽순
쥐포,2026-05-08,26.96817,쥐포
쥐포,2026-05-09,30.82077,쥐포
쥐포,2026-05-10,37.18592,쥐포
쥐포,2026-05-11,39.36348,쥐포
쥐포,2026-05-12,25.29313,쥐포
쥐포,2026-05-13,29.81574,쥐포
쥐포,2026-05-14,24.62311,쥐포
쥐포,2026-05-15,13.40033,쥐포
쥐포,2026-05-16,18.92797,쥐포
쥐포,2026-05-17,23.95309,쥐포
쥐포,2026-05-18,28.81072,쥐포
쥐포,2026-05-19,42.54606,쥐포
쥐포,2026-05-20,31.99329,쥐포
쥐포,2026-05-21,31.32328,쥐포
진미채,2026-05-08,65.91549,진미채
진미채,2026-05-09,57.18309,진미채
진미채,2026-05-10,65.35211,진미채
진미채,2026-05-11,87.60563,진미채
진미채,2026-05-12,90.98591,진미채
진미채,2026-05-13,92.11267,진미채
진미채,2026-05-14,72.39436,진미채
진미채,2026-05-15,57.74647,진미채
진미채,2026-05-16,63.09859,진미채
진미채,2026-05-17,57.18309,진미채
진미채,2026-05-18,75.21126,진미채
진미채,2026-05-19,65.91549,진미채
진미채,2026-05-20,69.57746,진미채
진미채,2026-05-21,60.28169,진미채
질유산균,2026-05-08,66.66666,질유산균
질유산균,2026-05-09,66.33663,질유산균
질유산균,2026-05-10,68.31683,질유산균
질유산균,2026-05-11,68.31683,질유산균
질유산균,2026-05-12,73.59735,질유산균
질유산균,2026-05-13,71.61716,질유산균
질유산균,2026-05-14,77.22772,질유산균
질유산균,2026-05-15,48.84488,질유산균
질유산균,2026-05-16,50.16501,질유산균
질유산균,2026-05-17,59.73597,질유산균
질유산균,2026-05-18,55.77557,질유산균
질유산균,2026-05-19,74.25742,질유산균
질유산균,2026-05-20,100,질유산균
질유산균,2026-05-21,71.61716,질유산균
참기름,2026-05-08,68.83468,참기름
참기름,2026-05-09,51.76151,참기름
참기름,2026-05-10,75.60975,참기름
참기름,2026-05-11,100,참기름
참기름,2026-05-12,62.05962,참기름
참기름,2026-05-13,66.39566,참기름
참기름,2026-05-14,82.11382,참기름
참기름,2026-05-15,66.39566,참기름
참기름,2026-05-16,44.71544,참기름
참기름,2026-05-17,66.93766,참기름
참기름,2026-05-18,62.60162,참기름
참기름,2026-05-19,70.1897,참기름
참기름,2026-05-20,78.04878,참기름
참기름,2026-05-21,63.95663,참기름
참소라,2026-05-08,41.14441,참소라
참소라,2026-05-09,16.07629,참소라
참소라,2026-05-10,26.43051,참소라
참소라,2026-05-11,38.96457,참소라
참소라,2026-05-12,27.79291,참소라
참소라,2026-05-13,31.8801,참소라
참소라,2026-05-14,40.59945,참소라
참소라,2026-05-15,35.9673,참소라
참소라,2026-05-16,31.06267,참소라
참소라,2026-05-17,23.70572,참소라
참소라,2026-05-18,37.05722,참소라
참소라,2026-05-19,31.60762,참소라
참소라,2026-05-20,48.22888,참소라
참소라,2026-05-21,49.86376,참소라
참외,2026-05-08,68.38453,참외
참외,2026-05-09,65.01486,참외
참외,2026-05-10,65.41129,참외
참외,2026-05-11,77.20515,참외
참외,2026-05-12,74.82656,참외
참외,2026-05-13,68.38453,참외
참외,2026-05-14,69.27651,참외
참외,2026-05-15,58.87016,참외
참외,2026-05-16,57.28444,참외
참외,2026-05-17,59.76214,참외
참외,2026-05-18,63.82556,참외
참외,2026-05-19,62.43805,참외
참외,2026-05-20,65.60951,참외
참외,2026-05-21,60.25768,참외
참외10kg,2026-05-08,64.0625,참외10kg
참외10kg,2026-05-09,71.09375,참외10kg
참외10kg,2026-05-10,78.32031,참외10kg
참외10kg,2026-05-11,76.75781,참외10kg
참외10kg,2026-05-12,84.17968,참외10kg
참외10kg,2026-05-13,83.39843,참외10kg
참외10kg,2026-05-14,92.1875,참외10kg
참외10kg,2026-05-15,75.78125,참외10kg
참외10kg,2026-05-16,94.92187,참외10kg
참외10kg,2026-05-17,98.24218,참외10kg
참외10kg,2026-05-18,93.16406,참외10kg
참외10kg,2026-05-19,94.72656,참외10kg
참외10kg,2026-05-20,86.52343,참외10kg
참외10kg,2026-05-21,83.98437,참외10kg
찹쌀누룽지과자,2026-05-08,69.89966,찹쌀누룽지과자
찹쌀누룽지과자,2026-05-09,66.88963,찹쌀누룽지과자
찹쌀누룽지과자,2026-05-10,72.57525,찹쌀누룽지과자
찹쌀누룽지과자,2026-05-11,74.24749,찹쌀누룽지과자
찹쌀누룽지과자,2026-05-12,73.07692,찹쌀누룽지과자
찹쌀누룽지과자,2026-05-13,66.55518,찹쌀누룽지과자
찹쌀누룽지과자,2026-05-14,68.56187,찹쌀누룽지과자
찹쌀누룽지과자,2026-05-15,55.18394,찹쌀누룽지과자
찹쌀누룽지과자,2026-05-16,64.54849,찹쌀누룽지과자
찹쌀누룽지과자,2026-05-17,60.03344,찹쌀누룽지과자
찹쌀누룽지과자,2026-05-18,66.22073,찹쌀누룽지과자
찹쌀누룽지과자,2026-05-19,72.07357,찹쌀누룽지과자
찹쌀누룽지과자,2026-05-20,73.41137,찹쌀누룽지과자
찹쌀누룽지과자,2026-05-21,69.73244,찹쌀누룽지과자
창억떡,2026-05-08,62.84153,창억떡
창억떡,2026-05-09,70.05464,창억떡
창억떡,2026-05-10,84.37158,창억떡
창억떡,2026-05-11,80.43715,창억떡
창억떡,2026-05-12,100,창억떡
창억떡,2026-05-13,77.59562,창억떡
창억떡,2026-05-14,71.36612,창억떡
창억떡,2026-05-15,43.82513,창억떡
창억떡,2026-05-16,40.9836,창억떡
창억떡,2026-05-17,59.12568,창억떡
창억떡,2026-05-18,51.91256,창억떡
창억떡,2026-05-19,54.42622,창억떡
창억떡,2026-05-20,60,창억떡
창억떡,2026-05-21,56.39344,창억떡
체리,2026-05-08,44.46397,체리
체리,2026-05-09,67.48681,체리
체리,2026-05-10,44.46397,체리
체리,2026-05-11,41.82776,체리
체리,2026-05-12,57.82073,체리
체리,2026-05-13,33.7434,체리
체리,2026-05-14,43.76098,체리
체리,2026-05-15,39.01581,체리
체리,2026-05-16,38.84007,체리
체리,2026-05-17,44.11247,체리
체리,2026-05-18,53.42706,체리
체리,2026-05-19,45.6942,체리
체리,2026-05-20,43.58523,체리
체리,2026-05-21,64.14762,체리
초당옥수수,2026-05-08,36.28762,초당옥수수
초당옥수수,2026-05-09,21.90635,초당옥수수
초당옥수수,2026-05-10,29.76588,초당옥수수
초당옥수수,2026-05-11,44.31438,초당옥수수
초당옥수수,2026-05-12,53.5117,초당옥수수
초당옥수수,2026-05-13,58.86287,초당옥수수
초당옥수수,2026-05-14,50.83612,초당옥수수
초당옥수수,2026-05-15,52.67558,초당옥수수
초당옥수수,2026-05-16,45.1505,초당옥수수
초당옥수수,2026-05-17,54.01337,초당옥수수
초당옥수수,2026-05-18,57.85953,초당옥수수
초당옥수수,2026-05-19,55.18394,초당옥수수
초당옥수수,2026-05-20,71.5719,초당옥수수
초당옥수수,2026-05-21,70.06688,초당옥수수
촉촉한황치즈칩,2026-05-08,85.99033,촉촉한황치즈칩
촉촉한황치즈칩,2026-05-09,75.84541,촉촉한황치즈칩
촉촉한황치즈칩,2026-05-10,71.98067,촉촉한황치즈칩
촉촉한황치즈칩,2026-05-11,80.91787,촉촉한황치즈칩
촉촉한황치즈칩,2026-05-12,68.35748,촉촉한황치즈칩
촉촉한황치즈칩,2026-05-13,75.12077,촉촉한황치즈칩
촉촉한황치즈칩,2026-05-14,71.98067,촉촉한황치즈칩
촉촉한황치즈칩,2026-05-15,68.59903,촉촉한황치즈칩
촉촉한황치즈칩,2026-05-16,62.31884,촉촉한황치즈칩
촉촉한황치즈칩,2026-05-17,67.3913,촉촉한황치즈칩
촉촉한황치즈칩,2026-05-18,73.42995,촉촉한황치즈칩
촉촉한황치즈칩,2026-05-19,71.25603,촉촉한황치즈칩
촉촉한황치즈칩,2026-05-20,71.25603,촉촉한황치즈칩
촉촉한황치즈칩,2026-05-21,67.87439,촉촉한황치즈칩
카누,2026-05-08,64.20765,카누
카누,2026-05-09,59.56284,카누
카누,2026-05-10,51.91256,카누
카누,2026-05-11,82.51366,카누
카누,2026-05-12,71.58469,카누
카누,2026-05-13,70.76502,카누
카누,2026-05-14,64.48087,카누
카누,2026-05-15,66.66666,카누
카누,2026-05-16,33.60655,카누
카누,2026-05-17,49.18032,카누
카누,2026-05-18,72.67759,카누
카누,2026-05-19,71.31147,카누
카누,2026-05-20,71.03825,카누
카누,2026-05-21,69.3989,카누
카무트효소,2026-05-08,68.34094,카무트효소
카무트효소,2026-05-09,59.36073,카무트효소
카무트효소,2026-05-10,55.09893,카무트효소
카무트효소,2026-05-11,52.207,카무트효소
카무트효소,2026-05-12,41.24809,카무트효소
카무트효소,2026-05-13,54.64231,카무트효소
카무트효소,2026-05-14,51.14155,카무트효소
카무트효소,2026-05-15,63.47031,카무트효소
카무트효소,2026-05-16,60.42617,카무트효소
카무트효소,2026-05-17,58.7519,카무트효소
카무트효소,2026-05-18,60.42617,카무트효소
카무트효소,2026-05-19,42.46575,카무트효소
카무트효소,2026-05-20,68.34094,카무트효소
카무트효소,2026-05-21,62.10045,카무트효소
캠핑음식,2026-05-08,30.85501,캠핑음식
캠핑음식,2026-05-09,28.99628,캠핑음식
캠핑음식,2026-05-10,43.49442,캠핑음식
캠핑음식,2026-05-11,52.7881,캠핑음식
캠핑음식,2026-05-12,57.62081,캠핑음식
캠핑음식,2026-05-13,63.19702,캠핑음식
캠핑음식,2026-05-14,51.30111,캠핑음식
캠핑음식,2026-05-15,34.20074,캠핑음식
캠핑음식,2026-05-16,30.11152,캠핑음식
캠핑음식,2026-05-17,56.87732,캠핑음식
캠핑음식,2026-05-18,95.53903,캠핑음식
캠핑음식,2026-05-19,78.8104,캠핑음식
캠핑음식,2026-05-20,77.32342,캠핑음식
캠핑음식,2026-05-21,65.05576,캠핑음식
커큐민,2026-05-08,49.04632,커큐민
커큐민,2026-05-09,53.95095,커큐민
커큐민,2026-05-10,51.77111,커큐민
커큐민,2026-05-11,68.11989,커큐민
커큐민,2026-05-12,77.11171,커큐민
커큐민,2026-05-13,78.74659,커큐민
커큐민,2026-05-14,77.11171,커큐민
커큐민,2026-05-15,65.94005,커큐민
커큐민,2026-05-16,44.14168,커큐민
커큐민,2026-05-17,54.22343,커큐민
커큐민,2026-05-18,60.21798,커큐민
커큐민,2026-05-19,67.02997,커큐민
커큐민,2026-05-20,59.67302,커큐민
커큐민,2026-05-21,83.10626,커큐민
커피믹스,2026-05-08,53.77906,커피믹스
커피믹스,2026-05-09,49.7093,커피믹스
커피믹스,2026-05-10,55.81395,커피믹스
커피믹스,2026-05-11,76.74418,커피믹스
커피믹스,2026-05-12,70.05813,커피믹스
커피믹스,2026-05-13,70.93023,커피믹스
커피믹스,2026-05-14,63.37209,커피믹스
커피믹스,2026-05-15,42.44186,커피믹스
커피믹스,2026-05-16,47.09302,커피믹스
커피믹스,2026-05-17,52.61627,커피믹스
커피믹스,2026-05-18,58.43023,커피믹스
커피믹스,2026-05-19,47.67441,커피믹스
커피믹스,2026-05-20,63.37209,커피믹스
커피믹스,2026-05-21,54.06976,커피믹스
컵라면,2026-05-08,49.35064,컵라면
컵라면,2026-05-09,52.5974,컵라면
컵라면,2026-05-10,45.45454,컵라면
컵라면,2026-05-11,85.38961,컵라면
컵라면,2026-05-12,66.55844,컵라면
컵라면,2026-05-13,78.8961,컵라면
컵라면,2026-05-14,82.46753,컵라면
컵라면,2026-05-15,46.75324,컵라면
컵라면,2026-05-16,44.48051,컵라면
컵라면,2026-05-17,44.48051,컵라면
컵라면,2026-05-18,59.0909,컵라면
컵라면,2026-05-19,71.42857,컵라면
컵라면,2026-05-20,71.75324,컵라면
컵라면,2026-05-21,75.97402,컵라면
코큐텐,2026-05-08,44.58438,코큐텐
코큐텐,2026-05-09,47.85894,코큐텐
코큐텐,2026-05-10,40.80604,코큐텐
코큐텐,2026-05-11,54.91183,코큐텐
코큐텐,2026-05-12,58.18639,코큐텐
코큐텐,2026-05-13,54.15617,코큐텐
코큐텐,2026-05-14,51.38539,코큐텐
코큐텐,2026-05-15,54.40806,코큐텐
코큐텐,2026-05-16,55.16372,코큐텐
코큐텐,2026-05-17,58.94206,코큐텐
코큐텐,2026-05-18,72.54408,코큐텐
코큐텐,2026-05-19,52.39294,코큐텐
코큐텐,2026-05-20,57.43073,코큐텐
코큐텐,2026-05-21,45.84382,코큐텐
콘드로이친,2026-05-08,93.12714,콘드로이친
콘드로이친,2026-05-09,100,콘드로이친
콘드로이친,2026-05-10,96.73539,콘드로이친
콘드로이친,2026-05-11,91.75257,콘드로이친
콘드로이친,2026-05-12,87.9725,콘드로이친
콘드로이친,2026-05-13,97.25085,콘드로이친
콘드로이친,2026-05-14,78.69415,콘드로이친
콘드로이친,2026-05-15,88.65979,콘드로이친
콘드로이친,2026-05-16,74.57044,콘드로이친
콘드로이친,2026-05-17,70.10309,콘드로이친
콘드로이친,2026-05-18,73.71134,콘드로이친
콘드로이친,2026-05-19,77.83505,콘드로이친
콘드로이친,2026-05-20,64.60481,콘드로이친
콘드로이친,2026-05-21,59.10652,콘드로이친
콘드로이친1200,2026-05-08,83.72781,콘드로이친1200
콘드로이친1200,2026-05-09,94.08284,콘드로이친1200
콘드로이친1200,2026-05-10,95.56213,콘드로이친1200
콘드로이친1200,2026-05-11,99.70414,콘드로이친1200
콘드로이친1200,2026-05-12,95.26627,콘드로이친1200
콘드로이친1200,2026-05-13,88.46153,콘드로이친1200
콘드로이친1200,2026-05-14,63.3136,콘드로이친1200
콘드로이친1200,2026-05-15,65.38461,콘드로이친1200
콘드로이친1200,2026-05-16,83.72781,콘드로이친1200
콘드로이친1200,2026-05-17,100,콘드로이친1200
콘드로이친1200,2026-05-18,74.55621,콘드로이친1200
콘드로이친1200,2026-05-19,62.13017,콘드로이친1200
콘드로이친1200,2026-05-20,83.72781,콘드로이친1200
콘드로이친1200,2026-05-21,64.20118,콘드로이친1200
콜라겐,2026-05-08,54.20765,콜라겐
콜라겐,2026-05-09,61.42076,콜라겐
콜라겐,2026-05-10,63.27868,콜라겐
콜라겐,2026-05-11,59.56284,콜라겐
콜라겐,2026-05-12,60.65573,콜라겐
콜라겐,2026-05-13,56.28415,콜라겐
콜라겐,2026-05-14,56.61202,콜라겐
콜라겐,2026-05-15,48.08743,콜라겐
콜라겐,2026-05-16,50.92896,콜라겐
콜라겐,2026-05-17,65.35519,콜라겐
콜라겐,2026-05-18,51.69398,콜라겐
콜라겐,2026-05-19,44.59016,콜라겐
콜라겐,2026-05-20,47.3224,콜라겐
콜라겐,2026-05-21,52.34972,콜라겐
콜레스컷부스터,2026-05-08,9.17159,콜레스컷부스터
콜레스컷부스터,2026-05-09,9.76331,콜레스컷부스터
콜레스컷부스터,2026-05-10,10.05917,콜레스컷부스터
콜레스컷부스터,2026-05-11,7.10059,콜레스컷부스터
콜레스컷부스터,2026-05-12,7.6923,콜레스컷부스터
콜레스컷부스터,2026-05-13,8.57988,콜레스컷부스터
콜레스컷부스터,2026-05-14,3.25443,콜레스컷부스터
콜레스컷부스터,2026-05-15,1.77514,콜레스컷부스터
콜레스컷부스터,2026-05-16,5.02958,콜레스컷부스터
콜레스컷부스터,2026-05-17,6.50887,콜레스컷부스터
콜레스컷부스터,2026-05-18,2.36686,콜레스컷부스터
콜레스컷부스터,2026-05-19,24.55621,콜레스컷부스터
콜레스컷부스터,2026-05-20,72.78106,콜레스컷부스터
콜레스컷부스터,2026-05-21,63.60946,콜레스컷부스터
콩국물,2026-05-08,10.49562,콩국물
콩국물,2026-05-09,8.45481,콩국물
콩국물,2026-05-10,9.0379,콩국물
콩국물,2026-05-11,9.32944,콩국물
콩국물,2026-05-12,11.95335,콩국물
콩국물,2026-05-13,8.16326,콩국물
콩국물,2026-05-14,14.8688,콩국물
콩국물,2026-05-15,25.65597,콩국물
콩국물,2026-05-16,35.27696,콩국물
콩국물,2026-05-17,100,콩국물
콩국물,2026-05-18,70.55393,콩국물
콩국물,2026-05-19,56.85131,콩국물
콩국물,2026-05-20,59.18367,콩국물
콩국물,2026-05-21,52.47813,콩국물
킹크랩,2026-05-08,92.03821,킹크랩
킹크랩,2026-05-09,47.45222,킹크랩
킹크랩,2026-05-10,54.45859,킹크랩
킹크랩,2026-05-11,63.37579,킹크랩
킹크랩,2026-05-12,71.33757,킹크랩
킹크랩,2026-05-13,48.72611,킹크랩
킹크랩,2026-05-14,88.8535,킹크랩
킹크랩,2026-05-15,50,킹크랩
킹크랩,2026-05-16,44.58598,킹크랩
킹크랩,2026-05-17,42.03821,킹크랩
킹크랩,2026-05-18,47.45222,킹크랩
킹크랩,2026-05-19,43.3121,킹크랩
킹크랩,2026-05-20,68.47133,킹크랩
킹크랩,2026-05-21,56.68789,킹크랩
탄산수,2026-05-08,53.88127,탄산수
탄산수,2026-05-09,58.29528,탄산수
탄산수,2026-05-10,76.56012,탄산수
탄산수,2026-05-11,73.51598,탄산수
탄산수,2026-05-12,68.79756,탄산수
탄산수,2026-05-13,67.12328,탄산수
탄산수,2026-05-14,82.19178,탄산수
탄산수,2026-05-15,67.27549,탄산수
탄산수,2026-05-16,71.68949,탄산수
탄산수,2026-05-17,80.36529,탄산수
탄산수,2026-05-18,100,탄산수
탄산수,2026-05-19,78.84322,탄산수
탄산수,2026-05-20,63.62252,탄산수
탄산수,2026-05-21,61.18721,탄산수
토마토,2026-05-08,35.76864,토마토
토마토,2026-05-09,25.26636,토마토
토마토,2026-05-10,47.18417,토마토
토마토,2026-05-11,39.42161,토마토
토마토,2026-05-12,53.57686,토마토
토마토,2026-05-13,47.79299,토마토
토마토,2026-05-14,41.55251,토마토
토마토,2026-05-15,40.18264,토마토
토마토,2026-05-16,32.7245,토마토
토마토,2026-05-17,42.31354,토마토
토마토,2026-05-18,50.0761,토마토
토마토,2026-05-19,52.207,토마토
토마토,2026-05-20,47.18417,토마토
토마토,2026-05-21,59.96955,토마토
토마토즙,2026-05-08,53.18471,토마토즙
토마토즙,2026-05-09,39.17197,토마토즙
토마토즙,2026-05-10,40.44585,토마토즙
토마토즙,2026-05-11,45.22292,토마토즙
토마토즙,2026-05-12,52.54777,토마토즙
토마토즙,2026-05-13,39.49044,토마토즙
토마토즙,2026-05-14,55.41401,토마토즙
토마토즙,2026-05-15,54.77707,토마토즙
토마토즙,2026-05-16,43.94904,토마토즙
토마토즙,2026-05-17,49.68152,토마토즙
토마토즙,2026-05-18,42.67515,토마토즙
토마토즙,2026-05-19,61.78343,토마토즙
토마토즙,2026-05-20,50,토마토즙
토마토즙,2026-05-21,56.68789,토마토즙
파라다이스그레인,2026-05-08,100,파라다이스그레인
파라다이스그레인,2026-05-09,24.60456,파라다이스그레인
파라다이스그레인,2026-05-10,52.72407,파라다이스그레인
파라다이스그레인,2026-05-11,27.94376,파라다이스그레인
파라다이스그레인,2026-05-12,71.1775,파라다이스그레인
파라다이스그레인,2026-05-13,44.11247,파라다이스그레인
파라다이스그레인,2026-05-14,45.51845,파라다이스그레인
파라다이스그레인,2026-05-15,51.3181,파라다이스그레인
파라다이스그레인,2026-05-16,40.94903,파라다이스그레인
파라다이스그레인,2026-05-17,19.68365,파라다이스그레인
파라다이스그레인,2026-05-18,62.74165,파라다이스그레인
파라다이스그레인,2026-05-19,23.37434,파라다이스그레인
파라다이스그레인,2026-05-20,64.49912,파라다이스그레인
파라다이스그레인,2026-05-21,63.79613,파라다이스그레인
포스파티딜세린,2026-05-08,100,포스파티딜세린
포스파티딜세린,2026-05-09,73.7569,포스파티딜세린
포스파티딜세린,2026-05-10,79.00552,포스파티딜세린
포스파티딜세린,2026-05-11,92.54143,포스파티딜세린
포스파티딜세린,2026-05-12,88.39779,포스파티딜세린
포스파티딜세린,2026-05-13,68.23204,포스파티딜세린
포스파티딜세린,2026-05-14,66.29834,포스파티딜세린
포스파티딜세린,2026-05-15,45.30386,포스파티딜세린
포스파티딜세린,2026-05-16,67.40331,포스파티딜세린
포스파티딜세린,2026-05-17,72.65193,포스파티딜세린
포스파티딜세린,2026-05-18,54.14364,포스파티딜세린
포스파티딜세린,2026-05-19,84.25414,포스파티딜세린
포스파티딜세린,2026-05-20,73.48066,포스파티딜세린
포스파티딜세린,2026-05-21,71.27071,포스파티딜세린
포카리스웨트,2026-05-08,50.70422,포카리스웨트
포카리스웨트,2026-05-09,49.85915,포카리스웨트
포카리스웨트,2026-05-10,57.74647,포카리스웨트
포카리스웨트,2026-05-11,69.57746,포카리스웨트
포카리스웨트,2026-05-12,63.09859,포카리스웨트
포카리스웨트,2026-05-13,63.09859,포카리스웨트
포카리스웨트,2026-05-14,80.56338,포카리스웨트
포카리스웨트,2026-05-15,76.61971,포카리스웨트
포카리스웨트,2026-05-16,70.14084,포카리스웨트
포카리스웨트,2026-05-17,98.30985,포카리스웨트
포카리스웨트,2026-05-18,100,포카리스웨트
포카리스웨트,2026-05-19,79.43661,포카리스웨트
포카리스웨트,2026-05-20,76.9014,포카리스웨트
포카리스웨트,2026-05-21,60.56338,포카리스웨트
포켓몬빵,2026-05-08,53.88127,포켓몬빵
포켓몬빵,2026-05-09,60.12176,포켓몬빵
포켓몬빵,2026-05-10,53.88127,포켓몬빵
포켓몬빵,2026-05-11,73.9726,포켓몬빵
포켓몬빵,2026-05-12,59.20852,포켓몬빵
포켓몬빵,2026-05-13,57.22983,포켓몬빵
포켓몬빵,2026-05-14,48.40182,포켓몬빵
포켓몬빵,2026-05-15,55.09893,포켓몬빵
포켓몬빵,2026-05-16,42.61796,포켓몬빵
포켓몬빵,2026-05-17,52.05479,포켓몬빵
포켓몬빵,2026-05-18,54.4901,포켓몬빵
포켓몬빵,2026-05-19,51.44596,포켓몬빵
포켓몬빵,2026-05-20,51.14155,포켓몬빵
포켓몬빵,2026-05-21,62.10045,포켓몬빵
푸룬,2026-05-08,12.53731,푸룬
푸룬,2026-05-09,9.55223,푸룬
푸룬,2026-05-10,39.40298,푸룬
푸룬,2026-05-11,18.80597,푸룬
푸룬,2026-05-12,16.71641,푸룬
푸룬,2026-05-13,22.08955,푸룬
푸룬,2026-05-14,20.2985,푸룬
푸룬,2026-05-15,14.02985,푸룬
푸룬,2026-05-16,7.46268,푸룬
푸룬,2026-05-17,8.95522,푸룬
푸룬,2026-05-18,16.71641,푸룬
푸룬,2026-05-19,16.71641,푸룬
푸룬,2026-05-20,26.26865,푸룬
푸룬,2026-05-21,58.80597,푸룬
푸룬주스,2026-05-08,40.55415,푸룬주스
푸룬주스,2026-05-09,37.27959,푸룬주스
푸룬주스,2026-05-10,39.04282,푸룬주스
푸룬주스,2026-05-11,43.57682,푸룬주스
푸룬주스,2026-05-12,47.60705,푸룬주스
푸룬주스,2026-05-13,45.34005,푸룬주스
푸룬주스,2026-05-14,49.11838,푸룬주스
푸룬주스,2026-05-15,44.0806,푸룬주스
푸룬주스,2026-05-16,44.58438,푸룬주스
푸룬주스,2026-05-17,44.83627,푸룬주스
푸룬주스,2026-05-18,42.31738,푸룬주스
푸룬주스,2026-05-19,27.45591,푸룬주스
푸룬주스,2026-05-20,38.03526,푸룬주스
푸룬주스,2026-05-21,45.84382,푸룬주스
프로폴리스,2026-05-08,78.47411,프로폴리스
프로폴리스,2026-05-09,66.75749,프로폴리스
프로폴리스,2026-05-10,64.30517,프로폴리스
프로폴리스,2026-05-11,77.11171,프로폴리스
프로폴리스,2026-05-12,78.20163,프로폴리스
프로폴리스,2026-05-13,76.56675,프로폴리스
프로폴리스,2026-05-14,82.01634,프로폴리스
프로폴리스,2026-05-15,61.3079,프로폴리스
프로폴리스,2026-05-16,63.21525,프로폴리스
프로폴리스,2026-05-17,77.38419,프로폴리스
프로폴리스,2026-05-18,73.02452,프로폴리스
프로폴리스,2026-05-19,76.29427,프로폴리스
프로폴리스,2026-05-20,82.83378,프로폴리스
프로폴리스,2026-05-21,82.28882,프로폴리스
하루견과,2026-05-08,48.79725,하루견과
하루견과,2026-05-09,51.20274,하루견과
하루견과,2026-05-10,50.8591,하루견과
하루견과,2026-05-11,58.59106,하루견과
하루견과,2026-05-12,61.68384,하루견과
하루견과,2026-05-13,65.46391,하루견과
하루견과,2026-05-14,58.41924,하루견과
하루견과,2026-05-15,47.76632,하루견과
하루견과,2026-05-16,37.9725,하루견과
하루견과,2026-05-17,53.95189,하루견과
하루견과,2026-05-18,63.40206,하루견과
하루견과,2026-05-19,58.59106,하루견과
하루견과,2026-05-20,57.21649,하루견과
하루견과,2026-05-21,56.87285,하루견과
하스카프베리,2026-05-08,48.24218,하스카프베리
하스카프베리,2026-05-09,17.57812,하스카프베리
하스카프베리,2026-05-10,55.85937,하스카프베리
하스카프베리,2026-05-11,56.25,하스카프베리
하스카프베리,2026-05-12,29.29687,하스카프베리
하스카프베리,2026-05-13,39.84375,하스카프베리
하스카프베리,2026-05-14,15.82031,하스카프베리
하스카프베리,2026-05-15,15.23437,하스카프베리
하스카프베리,2026-05-16,14.84375,하스카프베리
하스카프베리,2026-05-17,66.01562,하스카프베리
하스카프베리,2026-05-18,21.28906,하스카프베리
하스카프베리,2026-05-19,23.04687,하스카프베리
하스카프베리,2026-05-20,46.28906,하스카프베리
하스카프베리,2026-05-21,88.08593,하스카프베리
햇감자,2026-05-08,46.32152,햇감자
햇감자,2026-05-09,43.32425,햇감자
햇감자,2026-05-10,49.59128,햇감자
햇감자,2026-05-11,65.66757,햇감자
햇감자,2026-05-12,66.75749,햇감자
햇감자,2026-05-13,49.3188,햇감자
햇감자,2026-05-14,44.95912,햇감자
햇감자,2026-05-15,40.05449,햇감자
햇감자,2026-05-16,38.41961,햇감자
햇감자,2026-05-17,37.60217,햇감자
햇감자,2026-05-18,46.04904,햇감자
햇감자,2026-05-19,44.41416,햇감자
햇감자,2026-05-20,46.32152,햇감자
햇감자,2026-05-21,50.40871,햇감자
햇마늘,2026-05-08,22.92993,햇마늘
햇마늘,2026-05-09,27.07006,햇마늘
햇마늘,2026-05-10,32.80254,햇마늘
햇마늘,2026-05-11,46.49681,햇마늘
햇마늘,2026-05-12,38.53503,햇마늘
햇마늘,2026-05-13,35.35031,햇마늘
햇마늘,2026-05-14,38.8535,햇마늘
햇마늘,2026-05-15,34.3949,햇마늘
햇마늘,2026-05-16,30.57324,햇마늘
햇마늘,2026-05-17,45.5414,햇마늘
햇마늘,2026-05-18,52.86624,햇마늘
햇마늘,2026-05-19,50.95541,햇마늘
햇마늘,2026-05-20,57.96178,햇마늘
햇마늘,2026-05-21,57.00636,햇마늘
햇반,2026-05-08,41.41221,햇반
햇반,2026-05-09,38.74045,햇반
햇반,2026-05-10,52.67175,햇반
햇반,2026-05-11,55.91603,햇반
햇반,2026-05-12,64.31297,햇반
햇반,2026-05-13,46.1832,햇반
햇반,2026-05-14,40.64885,햇반
햇반,2026-05-15,41.98473,햇반
햇반,2026-05-16,31.10687,햇반
햇반,2026-05-17,45.41984,햇반
햇반,2026-05-18,46.37404,햇반
햇반,2026-05-19,52.86259,햇반
햇반,2026-05-20,49.80916,햇반
햇반,2026-05-21,46.1832,햇반
호두,2026-05-08,59.74025,호두
호두,2026-05-09,60.71428,호두
호두,2026-05-10,75.32467,호두
호두,2026-05-11,86.36363,호두
호두,2026-05-12,77.27272,호두
호두,2026-05-13,71.75324,호두
호두,2026-05-14,67.53246,호두
호두,2026-05-15,48.05194,호두
호두,2026-05-16,59.74025,호두
호두,2026-05-17,85.06493,호두
호두,2026-05-18,78.57142,호두
호두,2026-05-19,81.4935,호두
호두,2026-05-20,76.2987,호두
호두,2026-05-21,74.35064,호두
홍어,2026-05-08,35.51401,홍어
홍어,2026-05-09,34.26791,홍어
홍어,2026-05-10,42.3676,홍어
홍어,2026-05-11,42.05607,홍어
홍어,2026-05-12,39.25233,홍어
홍어,2026-05-13,40.80996,홍어
홍어,2026-05-14,49.22118,홍어
홍어,2026-05-15,42.3676,홍어
홍어,2026-05-16,17.44548,홍어
홍어,2026-05-17,33.95638,홍어
홍어,2026-05-18,51.40186,홍어
홍어,2026-05-19,41.74454,홍어
홍어,2026-05-20,51.09034,홍어
홍어,2026-05-21,61.68224,홍어
황태채,2026-05-08,64.01384,황태채
황태채,2026-05-09,67.82006,황태채
황태채,2026-05-10,61.59169,황태채
황태채,2026-05-11,64.35986,황태채
황태채,2026-05-12,56.05536,황태채
황태채,2026-05-13,76.8166,황태채
황태채,2026-05-14,59.86159,황태채
황태채,2026-05-15,51.55709,황태채
황태채,2026-05-16,61.93771,황태채
황태채,2026-05-17,74.74048,황태채
황태채,2026-05-18,79.23875,황태채
황태채,2026-05-19,59.16955,황태채
황태채,2026-05-20,80.96885,황태채
황태채,2026-05-21,72.66435,황태채
