product_name,price_type,itemname,kindname,countyname,marketname,yyyy,regday,price,full_regday,regday_dt,price_num,row_order
사과,retail,,,평균,,2026,04/10,"28,678",2026-04-10,2026-04-10,28678.0,70
사과,retail,,,평년,,2026,04/10,"25,497",2026-04-10,2026-04-10,25497.0,80
사과,retail,사과,후지(10개),서울,경동,2026,04/10,"25,000",2026-04-10,2026-04-10,25000.0,90
사과,retail,사과,후지(10개),서울,복조리,2026,04/10,"27,900",2026-04-10,2026-04-10,27900.0,100
사과,retail,사과,후지(10개),서울,A-유통,2026,04/10,"31,900",2026-04-10,2026-04-10,31900.0,110
사과,retail,사과,후지(10개),서울,B-유통,2026,04/10,"25,700",2026-04-10,2026-04-10,25700.0,120
사과,retail,사과,후지(10개),서울,B`-유통,2026,04/10,"25,900",2026-04-10,2026-04-10,25900.0,130
사과,retail,사과,후지(10개),서울,C-유통,2026,04/10,"27,900",2026-04-10,2026-04-10,27900.0,140
사과,retail,사과,후지(10개),서울,E-유통,2026,04/10,"27,900",2026-04-10,2026-04-10,27900.0,150
사과,retail,사과,후지(10개),서울,I-유통,2026,04/10,"19,800",2026-04-10,2026-04-10,19800.0,160
사과,retail,사과,후지(10개),서울,L-유통,2026,04/10,"24,300",2026-04-10,2026-04-10,24300.0,170
사과,retail,사과,후지(10개),부산,부전,2026,04/10,"28,600",2026-04-10,2026-04-10,28600.0,180
사과,retail,사과,후지(10개),부산,A-유통,2026,04/10,"31,900",2026-04-10,2026-04-10,31900.0,190
사과,retail,사과,후지(10개),부산,D-유통,2026,04/10,"24,800",2026-04-10,2026-04-10,24800.0,200
사과,retail,사과,후지(10개),부산,H-유통,2026,04/10,"19,800",2026-04-10,2026-04-10,19800.0,210
사과,retail,사과,후지(10개),대구,칠성,2026,04/10,"37,700",2026-04-10,2026-04-10,37700.0,220
사과,retail,사과,후지(10개),대구,A-유통,2026,04/10,"31,900",2026-04-10,2026-04-10,31900.0,230
사과,retail,사과,후지(10개),대구,E-유통,2026,04/10,"33,900",2026-04-10,2026-04-10,33900.0,240
사과,retail,사과,후지(10개),인천,현대,2026,04/10,"25,000",2026-04-10,2026-04-10,25000.0,250
사과,retail,사과,후지(10개),인천,E-유통,2026,04/10,"33,900",2026-04-10,2026-04-10,33900.0,260
사과,retail,사과,후지(10개),광주,양동,2026,04/10,"33,300",2026-04-10,2026-04-10,33300.0,270
사과,retail,사과,후지(10개),광주,A-유통,2026,04/10,"31,900",2026-04-10,2026-04-10,31900.0,280
사과,retail,사과,후지(10개),광주,E-유통,2026,04/10,"27,900",2026-04-10,2026-04-10,27900.0,290
사과,retail,사과,후지(10개),대전,역전,2026,04/10,"33,300",2026-04-10,2026-04-10,33300.0,300
사과,retail,사과,후지(10개),대전,A-유통,2026,04/10,"31,900",2026-04-10,2026-04-10,31900.0,310
사과,retail,사과,후지(10개),대전,E-유통,2026,04/10,"33,900",2026-04-10,2026-04-10,33900.0,320
사과,retail,사과,후지(10개),울산,신정,2026,04/10,"28,300",2026-04-10,2026-04-10,28300.0,330
사과,retail,사과,후지(10개),울산,B-유통,2026,04/10,"29,900",2026-04-10,2026-04-10,29900.0,340
사과,retail,사과,후지(10개),세종,C-유통,2026,04/10,"27,900",2026-04-10,2026-04-10,27900.0,350
사과,retail,사과,후지(10개),수원,지동,2026,04/10,"29,600",2026-04-10,2026-04-10,29600.0,360
사과,retail,사과,후지(10개),수원,B-유통,2026,04/10,"24,400",2026-04-10,2026-04-10,24400.0,370
사과,retail,사과,후지(10개),성남,B-유통,2026,04/10,"21,800",2026-04-10,2026-04-10,21800.0,380
사과,retail,사과,후지(10개),고양,B-유통,2026,04/10,"18,600",2026-04-10,2026-04-10,18600.0,390
사과,retail,사과,후지(10개),고양,J-유통,2026,04/10,"19,200",2026-04-10,2026-04-10,19200.0,400
사과,retail,사과,후지(10개),용인,C-유통,2026,04/10,"25,900",2026-04-10,2026-04-10,25900.0,410
사과,retail,사과,후지(10개),춘천,중앙,2026,04/10,"34,400",2026-04-10,2026-04-10,34400.0,420
사과,retail,사과,후지(10개),강릉,A-유통,2026,04/10,"31,900",2026-04-10,2026-04-10,31900.0,430
사과,retail,사과,후지(10개),청주,육거리,2026,04/10,"30,500",2026-04-10,2026-04-10,30500.0,440
사과,retail,사과,후지(10개),청주,B-유통,2026,04/10,"29,800",2026-04-10,2026-04-10,29800.0,450
사과,retail,사과,후지(10개),천안,C-유통,2026,04/10,"27,900",2026-04-10,2026-04-10,27900.0,460
사과,retail,사과,후지(10개),전주,남부,2026,04/10,"30,500",2026-04-10,2026-04-10,30500.0,470
사과,retail,사과,후지(10개),전주,C-유통,2026,04/10,"20,900",2026-04-10,2026-04-10,20900.0,480
사과,retail,사과,후지(10개),순천,역전,2026,04/10,"30,500",2026-04-10,2026-04-10,30500.0,490
사과,retail,사과,후지(10개),순천,A-유통,2026,04/10,"31,900",2026-04-10,2026-04-10,31900.0,500
사과,retail,사과,후지(10개),포항,죽도,2026,04/10,"27,700",2026-04-10,2026-04-10,27700.0,510
사과,retail,사과,후지(10개),포항,E-유통,2026,04/10,-,2026-04-10,2026-04-10,,520
사과,retail,사과,후지(10개),안동,C-유통,2026,04/10,"27,900",2026-04-10,2026-04-10,27900.0,530
사과,retail,사과,후지(10개),창원,상남,2026,04/10,"30,500",2026-04-10,2026-04-10,30500.0,540
사과,retail,사과,후지(10개),창원,C-유통,2026,04/10,"27,900",2026-04-10,2026-04-10,27900.0,550
사과,retail,사과,후지(10개),김해,A-유통,2026,04/10,"31,900",2026-04-10,2026-04-10,31900.0,560
사과,retail,사과,후지(10개),제주,동문,2026,04/10,"35,500",2026-04-10,2026-04-10,35500.0,570
사과,retail,사과,후지(10개),제주,E-유통,2026,04/10,"33,900",2026-04-10,2026-04-10,33900.0,580
사과,retail,,,평균,,2026,04/13,"28,820",2026-04-13,2026-04-13,28820.0,71
사과,retail,,,평년,,2026,04/13,"25,373",2026-04-13,2026-04-13,25373.0,81
사과,retail,사과,후지(10개),서울,경동,2026,04/13,"25,000",2026-04-13,2026-04-13,25000.0,91
사과,retail,사과,후지(10개),서울,복조리,2026,04/13,"27,900",2026-04-13,2026-04-13,27900.0,101
사과,retail,사과,후지(10개),서울,A-유통,2026,04/13,"31,900",2026-04-13,2026-04-13,31900.0,111
사과,retail,사과,후지(10개),서울,B-유통,2026,04/13,"28,500",2026-04-13,2026-04-13,28500.0,121
사과,retail,사과,후지(10개),서울,B`-유통,2026,04/13,"25,900",2026-04-13,2026-04-13,25900.0,131
사과,retail,사과,후지(10개),서울,C-유통,2026,04/13,"27,900",2026-04-13,2026-04-13,27900.0,141
사과,retail,사과,후지(10개),서울,E-유통,2026,04/13,"27,900",2026-04-13,2026-04-13,27900.0,151
사과,retail,사과,후지(10개),서울,I-유통,2026,04/13,"19,800",2026-04-13,2026-04-13,19800.0,161
사과,retail,사과,후지(10개),서울,L-유통,2026,04/13,"24,300",2026-04-13,2026-04-13,24300.0,171
사과,retail,사과,후지(10개),부산,부전,2026,04/13,"28,300",2026-04-13,2026-04-13,28300.0,181
사과,retail,사과,후지(10개),부산,A-유통,2026,04/13,"31,900",2026-04-13,2026-04-13,31900.0,191
사과,retail,사과,후지(10개),부산,D-유통,2026,04/13,"24,800",2026-04-13,2026-04-13,24800.0,201
사과,retail,사과,후지(10개),부산,H-유통,2026,04/13,"21,800",2026-04-13,2026-04-13,21800.0,211
사과,retail,사과,후지(10개),대구,칠성,2026,04/13,"37,700",2026-04-13,2026-04-13,37700.0,221
사과,retail,사과,후지(10개),대구,A-유통,2026,04/13,"31,900",2026-04-13,2026-04-13,31900.0,231
사과,retail,사과,후지(10개),대구,E-유통,2026,04/13,"33,900",2026-04-13,2026-04-13,33900.0,241
사과,retail,사과,후지(10개),인천,현대,2026,04/13,"27,700",2026-04-13,2026-04-13,27700.0,251
사과,retail,사과,후지(10개),인천,E-유통,2026,04/13,"33,900",2026-04-13,2026-04-13,33900.0,261
사과,retail,사과,후지(10개),광주,양동,2026,04/13,"33,300",2026-04-13,2026-04-13,33300.0,271
사과,retail,사과,후지(10개),광주,A-유통,2026,04/13,"31,900",2026-04-13,2026-04-13,31900.0,281
사과,retail,사과,후지(10개),광주,E-유통,2026,04/13,"27,900",2026-04-13,2026-04-13,27900.0,291
사과,retail,사과,후지(10개),대전,역전,2026,04/13,"33,300",2026-04-13,2026-04-13,33300.0,301
사과,retail,사과,후지(10개),대전,A-유통,2026,04/13,"31,900",2026-04-13,2026-04-13,31900.0,311
사과,retail,사과,후지(10개),대전,E-유통,2026,04/13,"33,900",2026-04-13,2026-04-13,33900.0,321
사과,retail,사과,후지(10개),울산,신정,2026,04/13,"28,300",2026-04-13,2026-04-13,28300.0,331
사과,retail,사과,후지(10개),울산,B-유통,2026,04/13,"29,900",2026-04-13,2026-04-13,29900.0,341
사과,retail,사과,후지(10개),세종,C-유통,2026,04/13,"29,900",2026-04-13,2026-04-13,29900.0,351
사과,retail,사과,후지(10개),수원,지동,2026,04/13,"29,600",2026-04-13,2026-04-13,29600.0,361
사과,retail,사과,후지(10개),수원,B-유통,2026,04/13,"24,400",2026-04-13,2026-04-13,24400.0,371
사과,retail,사과,후지(10개),성남,B-유통,2026,04/13,"21,800",2026-04-13,2026-04-13,21800.0,381
사과,retail,사과,후지(10개),고양,B-유통,2026,04/13,"18,600",2026-04-13,2026-04-13,18600.0,391
사과,retail,사과,후지(10개),고양,J-유통,2026,04/13,"19,200",2026-04-13,2026-04-13,19200.0,401
사과,retail,사과,후지(10개),용인,C-유통,2026,04/13,"25,900",2026-04-13,2026-04-13,25900.0,411
사과,retail,사과,후지(10개),춘천,중앙,2026,04/13,"34,400",2026-04-13,2026-04-13,34400.0,421
사과,retail,사과,후지(10개),강릉,A-유통,2026,04/13,"31,900",2026-04-13,2026-04-13,31900.0,431
사과,retail,사과,후지(10개),청주,육거리,2026,04/13,"30,500",2026-04-13,2026-04-13,30500.0,441
사과,retail,사과,후지(10개),청주,B-유통,2026,04/13,"29,800",2026-04-13,2026-04-13,29800.0,451
사과,retail,사과,후지(10개),천안,C-유통,2026,04/13,"27,900",2026-04-13,2026-04-13,27900.0,461
사과,retail,사과,후지(10개),전주,남부,2026,04/13,"30,500",2026-04-13,2026-04-13,30500.0,471
사과,retail,사과,후지(10개),전주,C-유통,2026,04/13,"20,900",2026-04-13,2026-04-13,20900.0,481
사과,retail,사과,후지(10개),순천,역전,2026,04/13,"30,500",2026-04-13,2026-04-13,30500.0,491
사과,retail,사과,후지(10개),순천,A-유통,2026,04/13,"31,900",2026-04-13,2026-04-13,31900.0,501
사과,retail,사과,후지(10개),포항,죽도,2026,04/13,"27,700",2026-04-13,2026-04-13,27700.0,511
사과,retail,사과,후지(10개),포항,E-유통,2026,04/13,-,2026-04-13,2026-04-13,,521
사과,retail,사과,후지(10개),안동,C-유통,2026,04/13,"27,900",2026-04-13,2026-04-13,27900.0,531
사과,retail,사과,후지(10개),창원,상남,2026,04/13,"30,500",2026-04-13,2026-04-13,30500.0,541
사과,retail,사과,후지(10개),창원,C-유통,2026,04/13,"27,900",2026-04-13,2026-04-13,27900.0,551
사과,retail,사과,후지(10개),김해,A-유통,2026,04/13,"31,900",2026-04-13,2026-04-13,31900.0,561
사과,retail,사과,후지(10개),제주,동문,2026,04/13,"33,300",2026-04-13,2026-04-13,33300.0,571
사과,retail,사과,후지(10개),제주,E-유통,2026,04/13,"33,900",2026-04-13,2026-04-13,33900.0,581
사과,retail,,,평균,,2026,04/14,"28,863",2026-04-14,2026-04-14,28863.0,72
사과,retail,,,평년,,2026,04/14,"25,361",2026-04-14,2026-04-14,25361.0,82
사과,retail,사과,후지(10개),서울,경동,2026,04/14,"25,000",2026-04-14,2026-04-14,25000.0,92
사과,retail,사과,후지(10개),서울,복조리,2026,04/14,"29,600",2026-04-14,2026-04-14,29600.0,102
사과,retail,사과,후지(10개),서울,A-유통,2026,04/14,"31,900",2026-04-14,2026-04-14,31900.0,112
사과,retail,사과,후지(10개),서울,B-유통,2026,04/14,"28,500",2026-04-14,2026-04-14,28500.0,122
사과,retail,사과,후지(10개),서울,B`-유통,2026,04/14,"21,900",2026-04-14,2026-04-14,21900.0,132
사과,retail,사과,후지(10개),서울,C-유통,2026,04/14,"27,900",2026-04-14,2026-04-14,27900.0,142
사과,retail,사과,후지(10개),서울,E-유통,2026,04/14,"27,900",2026-04-14,2026-04-14,27900.0,152
사과,retail,사과,후지(10개),서울,I-유통,2026,04/14,"23,800",2026-04-14,2026-04-14,23800.0,162
사과,retail,사과,후지(10개),서울,L-유통,2026,04/14,"24,300",2026-04-14,2026-04-14,24300.0,172
사과,retail,사과,후지(10개),부산,부전,2026,04/14,"28,300",2026-04-14,2026-04-14,28300.0,182
사과,retail,사과,후지(10개),부산,A-유통,2026,04/14,"31,900",2026-04-14,2026-04-14,31900.0,192
사과,retail,사과,후지(10개),부산,D-유통,2026,04/14,"24,800",2026-04-14,2026-04-14,24800.0,202
사과,retail,사과,후지(10개),부산,H-유통,2026,04/14,"21,800",2026-04-14,2026-04-14,21800.0,212
사과,retail,사과,후지(10개),대구,칠성,2026,04/14,"37,700",2026-04-14,2026-04-14,37700.0,222
사과,retail,사과,후지(10개),대구,A-유통,2026,04/14,"31,900",2026-04-14,2026-04-14,31900.0,232
사과,retail,사과,후지(10개),대구,E-유통,2026,04/14,"27,900",2026-04-14,2026-04-14,27900.0,242
사과,retail,사과,후지(10개),인천,현대,2026,04/14,"27,700",2026-04-14,2026-04-14,27700.0,252
사과,retail,사과,후지(10개),인천,E-유통,2026,04/14,"33,900",2026-04-14,2026-04-14,33900.0,262
사과,retail,사과,후지(10개),광주,양동,2026,04/14,"33,300",2026-04-14,2026-04-14,33300.0,272
사과,retail,사과,후지(10개),광주,A-유통,2026,04/14,"31,900",2026-04-14,2026-04-14,31900.0,282
사과,retail,사과,후지(10개),광주,E-유통,2026,04/14,"27,900",2026-04-14,2026-04-14,27900.0,292
사과,retail,사과,후지(10개),대전,역전,2026,04/14,"33,300",2026-04-14,2026-04-14,33300.0,302
사과,retail,사과,후지(10개),대전,A-유통,2026,04/14,"31,900",2026-04-14,2026-04-14,31900.0,312
사과,retail,사과,후지(10개),대전,E-유통,2026,04/14,"27,900",2026-04-14,2026-04-14,27900.0,322
사과,retail,사과,후지(10개),울산,신정,2026,04/14,"28,300",2026-04-14,2026-04-14,28300.0,332
사과,retail,사과,후지(10개),울산,B-유통,2026,04/14,"29,900",2026-04-14,2026-04-14,29900.0,342
사과,retail,사과,후지(10개),세종,C-유통,2026,04/14,"29,900",2026-04-14,2026-04-14,29900.0,352
사과,retail,사과,후지(10개),수원,지동,2026,04/14,"29,600",2026-04-14,2026-04-14,29600.0,362
사과,retail,사과,후지(10개),수원,B-유통,2026,04/14,"27,900",2026-04-14,2026-04-14,27900.0,372
사과,retail,사과,후지(10개),성남,B-유통,2026,04/14,"21,800",2026-04-14,2026-04-14,21800.0,382
사과,retail,사과,후지(10개),고양,B-유통,2026,04/14,"18,600",2026-04-14,2026-04-14,18600.0,392
사과,retail,사과,후지(10개),고양,J-유통,2026,04/14,"23,300",2026-04-14,2026-04-14,23300.0,402
사과,retail,사과,후지(10개),용인,C-유통,2026,04/14,"27,900",2026-04-14,2026-04-14,27900.0,412
사과,retail,사과,후지(10개),춘천,중앙,2026,04/14,"34,400",2026-04-14,2026-04-14,34400.0,422
사과,retail,사과,후지(10개),강릉,A-유통,2026,04/14,"31,900",2026-04-14,2026-04-14,31900.0,432
사과,retail,사과,후지(10개),청주,육거리,2026,04/14,"33,300",2026-04-14,2026-04-14,33300.0,442
사과,retail,사과,후지(10개),청주,B-유통,2026,04/14,"29,800",2026-04-14,2026-04-14,29800.0,452
사과,retail,사과,후지(10개),천안,C-유통,2026,04/14,"27,900",2026-04-14,2026-04-14,27900.0,462
사과,retail,사과,후지(10개),전주,남부,2026,04/14,"30,500",2026-04-14,2026-04-14,30500.0,472
사과,retail,사과,후지(10개),전주,C-유통,2026,04/14,"20,900",2026-04-14,2026-04-14,20900.0,482
사과,retail,사과,후지(10개),순천,역전,2026,04/14,"30,500",2026-04-14,2026-04-14,30500.0,492
사과,retail,사과,후지(10개),순천,A-유통,2026,04/14,"31,900",2026-04-14,2026-04-14,31900.0,502
사과,retail,사과,후지(10개),포항,죽도,2026,04/14,"27,700",2026-04-14,2026-04-14,27700.0,512
사과,retail,사과,후지(10개),포항,E-유통,2026,04/14,-,2026-04-14,2026-04-14,,522
사과,retail,사과,후지(10개),안동,C-유통,2026,04/14,"27,900",2026-04-14,2026-04-14,27900.0,532
사과,retail,사과,후지(10개),창원,상남,2026,04/14,"30,500",2026-04-14,2026-04-14,30500.0,542
사과,retail,사과,후지(10개),창원,C-유통,2026,04/14,"27,900",2026-04-14,2026-04-14,27900.0,552
사과,retail,사과,후지(10개),김해,A-유통,2026,04/14,"31,900",2026-04-14,2026-04-14,31900.0,562
사과,retail,사과,후지(10개),제주,동문,2026,04/14,"33,300",2026-04-14,2026-04-14,33300.0,572
사과,retail,사과,후지(10개),제주,E-유통,2026,04/14,"33,900",2026-04-14,2026-04-14,33900.0,582
사과,retail,,,평균,,2026,04/15,"28,771",2026-04-15,2026-04-15,28771.0,73
사과,retail,,,평년,,2026,04/15,"25,332",2026-04-15,2026-04-15,25332.0,83
사과,retail,사과,후지(10개),서울,경동,2026,04/15,"25,000",2026-04-15,2026-04-15,25000.0,93
사과,retail,사과,후지(10개),서울,복조리,2026,04/15,"27,900",2026-04-15,2026-04-15,27900.0,103
사과,retail,사과,후지(10개),서울,A-유통,2026,04/15,"31,900",2026-04-15,2026-04-15,31900.0,113
사과,retail,사과,후지(10개),서울,B-유통,2026,04/15,"28,500",2026-04-15,2026-04-15,28500.0,123
사과,retail,사과,후지(10개),서울,B`-유통,2026,04/15,"21,900",2026-04-15,2026-04-15,21900.0,133
사과,retail,사과,후지(10개),서울,C-유통,2026,04/15,"27,900",2026-04-15,2026-04-15,27900.0,143
사과,retail,사과,후지(10개),서울,E-유통,2026,04/15,"27,900",2026-04-15,2026-04-15,27900.0,153
사과,retail,사과,후지(10개),서울,I-유통,2026,04/15,"23,800",2026-04-15,2026-04-15,23800.0,163
사과,retail,사과,후지(10개),서울,L-유통,2026,04/15,"24,300",2026-04-15,2026-04-15,24300.0,173
사과,retail,사과,후지(10개),부산,부전,2026,04/15,"28,300",2026-04-15,2026-04-15,28300.0,183
사과,retail,사과,후지(10개),부산,A-유통,2026,04/15,"31,900",2026-04-15,2026-04-15,31900.0,193
사과,retail,사과,후지(10개),부산,D-유통,2026,04/15,"24,800",2026-04-15,2026-04-15,24800.0,203
사과,retail,사과,후지(10개),부산,H-유통,2026,04/15,"27,000",2026-04-15,2026-04-15,27000.0,213
사과,retail,사과,후지(10개),대구,칠성,2026,04/15,"37,700",2026-04-15,2026-04-15,37700.0,223
사과,retail,사과,후지(10개),대구,A-유통,2026,04/15,"31,900",2026-04-15,2026-04-15,31900.0,233
사과,retail,사과,후지(10개),대구,E-유통,2026,04/15,"27,900",2026-04-15,2026-04-15,27900.0,243
사과,retail,사과,후지(10개),인천,현대,2026,04/15,"27,700",2026-04-15,2026-04-15,27700.0,253
사과,retail,사과,후지(10개),인천,E-유통,2026,04/15,"33,900",2026-04-15,2026-04-15,33900.0,263
사과,retail,사과,후지(10개),광주,양동,2026,04/15,"33,300",2026-04-15,2026-04-15,33300.0,273
사과,retail,사과,후지(10개),광주,A-유통,2026,04/15,"31,900",2026-04-15,2026-04-15,31900.0,283
사과,retail,사과,후지(10개),광주,E-유통,2026,04/15,"27,900",2026-04-15,2026-04-15,27900.0,293
사과,retail,사과,후지(10개),대전,역전,2026,04/15,"33,300",2026-04-15,2026-04-15,33300.0,303
사과,retail,사과,후지(10개),대전,A-유통,2026,04/15,"31,900",2026-04-15,2026-04-15,31900.0,313
사과,retail,사과,후지(10개),대전,E-유통,2026,04/15,"27,900",2026-04-15,2026-04-15,27900.0,323
사과,retail,사과,후지(10개),울산,신정,2026,04/15,"28,300",2026-04-15,2026-04-15,28300.0,333
사과,retail,사과,후지(10개),울산,B-유통,2026,04/15,"29,900",2026-04-15,2026-04-15,29900.0,343
사과,retail,사과,후지(10개),세종,C-유통,2026,04/15,"27,900",2026-04-15,2026-04-15,27900.0,353
사과,retail,사과,후지(10개),수원,지동,2026,04/15,"29,600",2026-04-15,2026-04-15,29600.0,363
사과,retail,사과,후지(10개),수원,B-유통,2026,04/15,"27,900",2026-04-15,2026-04-15,27900.0,373
사과,retail,사과,후지(10개),성남,B-유통,2026,04/15,"21,800",2026-04-15,2026-04-15,21800.0,383
사과,retail,사과,후지(10개),고양,B-유통,2026,04/15,"18,600",2026-04-15,2026-04-15,18600.0,393
사과,retail,사과,후지(10개),고양,J-유통,2026,04/15,"23,300",2026-04-15,2026-04-15,23300.0,403
사과,retail,사과,후지(10개),용인,C-유통,2026,04/15,"27,900",2026-04-15,2026-04-15,27900.0,413
사과,retail,사과,후지(10개),춘천,중앙,2026,04/15,"34,400",2026-04-15,2026-04-15,34400.0,423
사과,retail,사과,후지(10개),강릉,A-유통,2026,04/15,"31,900",2026-04-15,2026-04-15,31900.0,433
사과,retail,사과,후지(10개),청주,육거리,2026,04/15,"33,300",2026-04-15,2026-04-15,33300.0,443
사과,retail,사과,후지(10개),청주,B-유통,2026,04/15,"29,800",2026-04-15,2026-04-15,29800.0,453
사과,retail,사과,후지(10개),천안,C-유통,2026,04/15,"27,900",2026-04-15,2026-04-15,27900.0,463
사과,retail,사과,후지(10개),전주,남부,2026,04/15,"30,500",2026-04-15,2026-04-15,30500.0,473
사과,retail,사과,후지(10개),전주,C-유통,2026,04/15,"20,900",2026-04-15,2026-04-15,20900.0,483
사과,retail,사과,후지(10개),순천,역전,2026,04/15,"30,500",2026-04-15,2026-04-15,30500.0,493
사과,retail,사과,후지(10개),순천,A-유통,2026,04/15,"31,900",2026-04-15,2026-04-15,31900.0,503
사과,retail,사과,후지(10개),포항,죽도,2026,04/15,"27,700",2026-04-15,2026-04-15,27700.0,513
사과,retail,사과,후지(10개),포항,E-유통,2026,04/15,-,2026-04-15,2026-04-15,,523
사과,retail,사과,후지(10개),안동,C-유통,2026,04/15,"27,900",2026-04-15,2026-04-15,27900.0,533
사과,retail,사과,후지(10개),창원,상남,2026,04/15,"30,500",2026-04-15,2026-04-15,30500.0,543
사과,retail,사과,후지(10개),창원,C-유통,2026,04/15,"27,900",2026-04-15,2026-04-15,27900.0,553
사과,retail,사과,후지(10개),김해,A-유통,2026,04/15,"31,900",2026-04-15,2026-04-15,31900.0,563
사과,retail,사과,후지(10개),제주,동문,2026,04/15,"33,300",2026-04-15,2026-04-15,33300.0,573
사과,retail,사과,후지(10개),제주,E-유통,2026,04/15,"27,900",2026-04-15,2026-04-15,27900.0,583
사과,retail,,,평균,,2026,04/16,"27,824",2026-04-16,2026-04-16,27824.0,74
사과,retail,,,평년,,2026,04/16,"25,326",2026-04-16,2026-04-16,25326.0,84
사과,retail,사과,후지(10개),서울,경동,2026,04/16,"25,000",2026-04-16,2026-04-16,25000.0,94
사과,retail,사과,후지(10개),서울,복조리,2026,04/16,"25,700",2026-04-16,2026-04-16,25700.0,104
사과,retail,사과,후지(10개),서울,A-유통,2026,04/16,"33,900",2026-04-16,2026-04-16,33900.0,114
사과,retail,사과,후지(10개),서울,B-유통,2026,04/16,"27,400",2026-04-16,2026-04-16,27400.0,124
사과,retail,사과,후지(10개),서울,B`-유통,2026,04/16,"21,900",2026-04-16,2026-04-16,21900.0,134
사과,retail,사과,후지(10개),서울,C-유통,2026,04/16,"18,700",2026-04-16,2026-04-16,18700.0,144
사과,retail,사과,후지(10개),서울,E-유통,2026,04/16,"19,900",2026-04-16,2026-04-16,19900.0,154
사과,retail,사과,후지(10개),서울,I-유통,2026,04/16,"23,800",2026-04-16,2026-04-16,23800.0,164
사과,retail,사과,후지(10개),서울,L-유통,2026,04/16,"24,300",2026-04-16,2026-04-16,24300.0,174
사과,retail,사과,후지(10개),부산,부전,2026,04/16,"28,300",2026-04-16,2026-04-16,28300.0,184
사과,retail,사과,후지(10개),부산,A-유통,2026,04/16,"31,900",2026-04-16,2026-04-16,31900.0,194
사과,retail,사과,후지(10개),부산,D-유통,2026,04/16,"24,700",2026-04-16,2026-04-16,24700.0,204
사과,retail,사과,후지(10개),부산,H-유통,2026,04/16,"19,800",2026-04-16,2026-04-16,19800.0,214
사과,retail,사과,후지(10개),대구,칠성,2026,04/16,"37,700",2026-04-16,2026-04-16,37700.0,224
사과,retail,사과,후지(10개),대구,A-유통,2026,04/16,"33,900",2026-04-16,2026-04-16,33900.0,234
사과,retail,사과,후지(10개),대구,E-유통,2026,04/16,"27,900",2026-04-16,2026-04-16,27900.0,244
사과,retail,사과,후지(10개),인천,현대,2026,04/16,"27,700",2026-04-16,2026-04-16,27700.0,254
사과,retail,사과,후지(10개),인천,E-유통,2026,04/16,"28,300",2026-04-16,2026-04-16,28300.0,264
사과,retail,사과,후지(10개),광주,양동,2026,04/16,"33,300",2026-04-16,2026-04-16,33300.0,274
사과,retail,사과,후지(10개),광주,A-유통,2026,04/16,"33,900",2026-04-16,2026-04-16,33900.0,284
사과,retail,사과,후지(10개),광주,E-유통,2026,04/16,"27,900",2026-04-16,2026-04-16,27900.0,294
사과,retail,사과,후지(10개),대전,역전,2026,04/16,"33,300",2026-04-16,2026-04-16,33300.0,304
사과,retail,사과,후지(10개),대전,A-유통,2026,04/16,"33,900",2026-04-16,2026-04-16,33900.0,314
사과,retail,사과,후지(10개),대전,E-유통,2026,04/16,"27,900",2026-04-16,2026-04-16,27900.0,324
사과,retail,사과,후지(10개),울산,신정,2026,04/16,"28,300",2026-04-16,2026-04-16,28300.0,334
사과,retail,사과,후지(10개),울산,B-유통,2026,04/16,"29,900",2026-04-16,2026-04-16,29900.0,344
사과,retail,사과,후지(10개),세종,C-유통,2026,04/16,"18,700",2026-04-16,2026-04-16,18700.0,354
사과,retail,사과,후지(10개),수원,지동,2026,04/16,"29,600",2026-04-16,2026-04-16,29600.0,364
사과,retail,사과,후지(10개),수원,B-유통,2026,04/16,"27,900",2026-04-16,2026-04-16,27900.0,374
사과,retail,사과,후지(10개),성남,B-유통,2026,04/16,"21,800",2026-04-16,2026-04-16,21800.0,384
사과,retail,사과,후지(10개),고양,B-유통,2026,04/16,"21,800",2026-04-16,2026-04-16,21800.0,394
사과,retail,사과,후지(10개),고양,J-유통,2026,04/16,"23,300",2026-04-16,2026-04-16,23300.0,404
사과,retail,사과,후지(10개),용인,C-유통,2026,04/16,"18,700",2026-04-16,2026-04-16,18700.0,414
사과,retail,사과,후지(10개),춘천,중앙,2026,04/16,"34,400",2026-04-16,2026-04-16,34400.0,424
사과,retail,사과,후지(10개),강릉,A-유통,2026,04/16,"33,900",2026-04-16,2026-04-16,33900.0,434
사과,retail,사과,후지(10개),청주,육거리,2026,04/16,"33,300",2026-04-16,2026-04-16,33300.0,444
사과,retail,사과,후지(10개),청주,B-유통,2026,04/16,"29,800",2026-04-16,2026-04-16,29800.0,454
사과,retail,사과,후지(10개),천안,C-유통,2026,04/16,"33,900",2026-04-16,2026-04-16,33900.0,464
사과,retail,사과,후지(10개),전주,남부,2026,04/16,"30,500",2026-04-16,2026-04-16,30500.0,474
사과,retail,사과,후지(10개),전주,C-유통,2026,04/16,"18,700",2026-04-16,2026-04-16,18700.0,484
사과,retail,사과,후지(10개),순천,역전,2026,04/16,"33,300",2026-04-16,2026-04-16,33300.0,494
사과,retail,사과,후지(10개),순천,A-유통,2026,04/16,"33,900",2026-04-16,2026-04-16,33900.0,504
사과,retail,사과,후지(10개),포항,죽도,2026,04/16,"27,700",2026-04-16,2026-04-16,27700.0,514
사과,retail,사과,후지(10개),포항,E-유통,2026,04/16,-,2026-04-16,2026-04-16,,524
사과,retail,사과,후지(10개),안동,C-유통,2026,04/16,"18,700",2026-04-16,2026-04-16,18700.0,534
사과,retail,사과,후지(10개),창원,상남,2026,04/16,"30,500",2026-04-16,2026-04-16,30500.0,544
사과,retail,사과,후지(10개),창원,C-유통,2026,04/16,"18,700",2026-04-16,2026-04-16,18700.0,554
사과,retail,사과,후지(10개),김해,A-유통,2026,04/16,"33,900",2026-04-16,2026-04-16,33900.0,564
사과,retail,사과,후지(10개),제주,동문,2026,04/16,"33,300",2026-04-16,2026-04-16,33300.0,574
사과,retail,사과,후지(10개),제주,E-유통,2026,04/16,"27,900",2026-04-16,2026-04-16,27900.0,584
사과,retail,,,평균,,2026,04/17,"27,253",2026-04-17,2026-04-17,27253.0,75
사과,retail,,,평년,,2026,04/17,"25,412",2026-04-17,2026-04-17,25412.0,85
사과,retail,사과,후지(10개),서울,경동,2026,04/17,"25,000",2026-04-17,2026-04-17,25000.0,95
사과,retail,사과,후지(10개),서울,복조리,2026,04/17,"25,700",2026-04-17,2026-04-17,25700.0,105
사과,retail,사과,후지(10개),서울,A-유통,2026,04/17,"31,900",2026-04-17,2026-04-17,31900.0,115
사과,retail,사과,후지(10개),서울,B-유통,2026,04/17,"27,400",2026-04-17,2026-04-17,27400.0,125
사과,retail,사과,후지(10개),서울,B`-유통,2026,04/17,"21,900",2026-04-17,2026-04-17,21900.0,135
사과,retail,사과,후지(10개),서울,C-유통,2026,04/17,"18,700",2026-04-17,2026-04-17,18700.0,145
사과,retail,사과,후지(10개),서울,E-유통,2026,04/17,"24,900",2026-04-17,2026-04-17,24900.0,155
사과,retail,사과,후지(10개),서울,I-유통,2026,04/17,"23,800",2026-04-17,2026-04-17,23800.0,165
사과,retail,사과,후지(10개),서울,L-유통,2026,04/17,"21,900",2026-04-17,2026-04-17,21900.0,175
사과,retail,사과,후지(10개),부산,부전,2026,04/17,"28,300",2026-04-17,2026-04-17,28300.0,185
사과,retail,사과,후지(10개),부산,A-유통,2026,04/17,"31,900",2026-04-17,2026-04-17,31900.0,195
사과,retail,사과,후지(10개),부산,D-유통,2026,04/17,"24,700",2026-04-17,2026-04-17,24700.0,205
사과,retail,사과,후지(10개),부산,H-유통,2026,04/17,"19,800",2026-04-17,2026-04-17,19800.0,215
사과,retail,사과,후지(10개),대구,칠성,2026,04/17,"37,700",2026-04-17,2026-04-17,37700.0,225
사과,retail,사과,후지(10개),대구,A-유통,2026,04/17,"31,900",2026-04-17,2026-04-17,31900.0,235
사과,retail,사과,후지(10개),대구,E-유통,2026,04/17,"27,900",2026-04-17,2026-04-17,27900.0,245
사과,retail,사과,후지(10개),인천,현대,2026,04/17,"27,700",2026-04-17,2026-04-17,27700.0,255
사과,retail,사과,후지(10개),인천,E-유통,2026,04/17,"24,900",2026-04-17,2026-04-17,24900.0,265
사과,retail,사과,후지(10개),광주,양동,2026,04/17,"33,300",2026-04-17,2026-04-17,33300.0,275
사과,retail,사과,후지(10개),광주,A-유통,2026,04/17,"31,900",2026-04-17,2026-04-17,31900.0,285
사과,retail,사과,후지(10개),광주,E-유통,2026,04/17,"27,900",2026-04-17,2026-04-17,27900.0,295
사과,retail,사과,후지(10개),대전,역전,2026,04/17,"33,300",2026-04-17,2026-04-17,33300.0,305
사과,retail,사과,후지(10개),대전,A-유통,2026,04/17,"31,900",2026-04-17,2026-04-17,31900.0,315
사과,retail,사과,후지(10개),대전,E-유통,2026,04/17,"27,900",2026-04-17,2026-04-17,27900.0,325
사과,retail,사과,후지(10개),울산,신정,2026,04/17,"28,300",2026-04-17,2026-04-17,28300.0,335
사과,retail,사과,후지(10개),울산,B-유통,2026,04/17,"29,900",2026-04-17,2026-04-17,29900.0,345
사과,retail,사과,후지(10개),세종,C-유통,2026,04/17,"18,700",2026-04-17,2026-04-17,18700.0,355
사과,retail,사과,후지(10개),수원,지동,2026,04/17,"29,600",2026-04-17,2026-04-17,29600.0,365
사과,retail,사과,후지(10개),수원,B-유통,2026,04/17,"27,900",2026-04-17,2026-04-17,27900.0,375
사과,retail,사과,후지(10개),성남,B-유통,2026,04/17,"21,800",2026-04-17,2026-04-17,21800.0,385
사과,retail,사과,후지(10개),고양,B-유통,2026,04/17,"21,800",2026-04-17,2026-04-17,21800.0,395
사과,retail,사과,후지(10개),고양,J-유통,2026,04/17,"23,300",2026-04-17,2026-04-17,23300.0,405
사과,retail,사과,후지(10개),용인,C-유통,2026,04/17,"18,700",2026-04-17,2026-04-17,18700.0,415
사과,retail,사과,후지(10개),춘천,중앙,2026,04/17,"34,400",2026-04-17,2026-04-17,34400.0,425
사과,retail,사과,후지(10개),강릉,A-유통,2026,04/17,"31,900",2026-04-17,2026-04-17,31900.0,435
사과,retail,사과,후지(10개),청주,육거리,2026,04/17,"33,300",2026-04-17,2026-04-17,33300.0,445
사과,retail,사과,후지(10개),청주,B-유통,2026,04/17,"29,800",2026-04-17,2026-04-17,29800.0,455
사과,retail,사과,후지(10개),천안,C-유통,2026,04/17,"18,700",2026-04-17,2026-04-17,18700.0,465
사과,retail,사과,후지(10개),전주,남부,2026,04/17,"30,500",2026-04-17,2026-04-17,30500.0,475
사과,retail,사과,후지(10개),전주,C-유통,2026,04/17,"18,700",2026-04-17,2026-04-17,18700.0,485
사과,retail,사과,후지(10개),순천,역전,2026,04/17,"33,300",2026-04-17,2026-04-17,33300.0,495
사과,retail,사과,후지(10개),순천,A-유통,2026,04/17,"31,900",2026-04-17,2026-04-17,31900.0,505
사과,retail,사과,후지(10개),포항,죽도,2026,04/17,"27,700",2026-04-17,2026-04-17,27700.0,515
사과,retail,사과,후지(10개),포항,E-유통,2026,04/17,-,2026-04-17,2026-04-17,,525
사과,retail,사과,후지(10개),안동,C-유통,2026,04/17,"18,700",2026-04-17,2026-04-17,18700.0,535
사과,retail,사과,후지(10개),창원,상남,2026,04/17,"30,500",2026-04-17,2026-04-17,30500.0,545
사과,retail,사과,후지(10개),창원,C-유통,2026,04/17,"18,700",2026-04-17,2026-04-17,18700.0,555
사과,retail,사과,후지(10개),김해,A-유통,2026,04/17,"33,900",2026-04-17,2026-04-17,33900.0,565
사과,retail,사과,후지(10개),제주,동문,2026,04/17,"33,300",2026-04-17,2026-04-17,33300.0,575
사과,retail,사과,후지(10개),제주,E-유통,2026,04/17,"27,900",2026-04-17,2026-04-17,27900.0,585
사과,retail,,,평균,,2026,04/20,"27,944",2026-04-20,2026-04-20,27944.0,76
사과,retail,,,평년,,2026,04/20,"25,443",2026-04-20,2026-04-20,25443.0,86
사과,retail,사과,후지(10개),서울,경동,2026,04/20,"25,000",2026-04-20,2026-04-20,25000.0,96
사과,retail,사과,후지(10개),서울,복조리,2026,04/20,"25,700",2026-04-20,2026-04-20,25700.0,106
사과,retail,사과,후지(10개),서울,A-유통,2026,04/20,"33,900",2026-04-20,2026-04-20,33900.0,116
사과,retail,사과,후지(10개),서울,B-유통,2026,04/20,"27,400",2026-04-20,2026-04-20,27400.0,126
사과,retail,사과,후지(10개),서울,B`-유통,2026,04/20,"21,900",2026-04-20,2026-04-20,21900.0,136
사과,retail,사과,후지(10개),서울,C-유통,2026,04/20,"18,700",2026-04-20,2026-04-20,18700.0,146
사과,retail,사과,후지(10개),서울,E-유통,2026,04/20,"21,900",2026-04-20,2026-04-20,21900.0,156
사과,retail,사과,후지(10개),서울,I-유통,2026,04/20,"25,800",2026-04-20,2026-04-20,25800.0,166
사과,retail,사과,후지(10개),서울,L-유통,2026,04/20,"21,900",2026-04-20,2026-04-20,21900.0,176
사과,retail,사과,후지(10개),부산,부전,2026,04/20,"28,000",2026-04-20,2026-04-20,28000.0,186
사과,retail,사과,후지(10개),부산,A-유통,2026,04/20,"31,900",2026-04-20,2026-04-20,31900.0,196
사과,retail,사과,후지(10개),부산,D-유통,2026,04/20,"24,700",2026-04-20,2026-04-20,24700.0,206
사과,retail,사과,후지(10개),부산,H-유통,2026,04/20,"19,800",2026-04-20,2026-04-20,19800.0,216
사과,retail,사과,후지(10개),대구,칠성,2026,04/20,"37,700",2026-04-20,2026-04-20,37700.0,226
사과,retail,사과,후지(10개),대구,A-유통,2026,04/20,"33,900",2026-04-20,2026-04-20,33900.0,236
사과,retail,사과,후지(10개),대구,E-유통,2026,04/20,"27,900",2026-04-20,2026-04-20,27900.0,246
사과,retail,사과,후지(10개),인천,현대,2026,04/20,"27,700",2026-04-20,2026-04-20,27700.0,256
사과,retail,사과,후지(10개),인천,E-유통,2026,04/20,"27,900",2026-04-20,2026-04-20,27900.0,266
사과,retail,사과,후지(10개),광주,양동,2026,04/20,"33,300",2026-04-20,2026-04-20,33300.0,276
사과,retail,사과,후지(10개),광주,A-유통,2026,04/20,"31,900",2026-04-20,2026-04-20,31900.0,286
사과,retail,사과,후지(10개),광주,E-유통,2026,04/20,"27,900",2026-04-20,2026-04-20,27900.0,296
사과,retail,사과,후지(10개),대전,역전,2026,04/20,"33,300",2026-04-20,2026-04-20,33300.0,306
사과,retail,사과,후지(10개),대전,A-유통,2026,04/20,"33,900",2026-04-20,2026-04-20,33900.0,316
사과,retail,사과,후지(10개),대전,E-유통,2026,04/20,"27,900",2026-04-20,2026-04-20,27900.0,326
사과,retail,사과,후지(10개),울산,신정,2026,04/20,"28,300",2026-04-20,2026-04-20,28300.0,336
사과,retail,사과,후지(10개),울산,B-유통,2026,04/20,"29,900",2026-04-20,2026-04-20,29900.0,346
사과,retail,사과,후지(10개),세종,C-유통,2026,04/20,"25,900",2026-04-20,2026-04-20,25900.0,356
사과,retail,사과,후지(10개),수원,지동,2026,04/20,"29,600",2026-04-20,2026-04-20,29600.0,366
사과,retail,사과,후지(10개),수원,B-유통,2026,04/20,"28,900",2026-04-20,2026-04-20,28900.0,376
사과,retail,사과,후지(10개),성남,B-유통,2026,04/20,"21,800",2026-04-20,2026-04-20,21800.0,386
사과,retail,사과,후지(10개),고양,B-유통,2026,04/20,"21,800",2026-04-20,2026-04-20,21800.0,396
사과,retail,사과,후지(10개),고양,J-유통,2026,04/20,"23,300",2026-04-20,2026-04-20,23300.0,406
사과,retail,사과,후지(10개),용인,C-유통,2026,04/20,"27,900",2026-04-20,2026-04-20,27900.0,416
사과,retail,사과,후지(10개),춘천,중앙,2026,04/20,"34,400",2026-04-20,2026-04-20,34400.0,426
사과,retail,사과,후지(10개),강릉,A-유통,2026,04/20,"31,900",2026-04-20,2026-04-20,31900.0,436
사과,retail,사과,후지(10개),청주,육거리,2026,04/20,"33,300",2026-04-20,2026-04-20,33300.0,446
사과,retail,사과,후지(10개),청주,B-유통,2026,04/20,"29,800",2026-04-20,2026-04-20,29800.0,456
사과,retail,사과,후지(10개),천안,C-유통,2026,04/20,"17,400",2026-04-20,2026-04-20,17400.0,466
사과,retail,사과,후지(10개),전주,남부,2026,04/20,"30,500",2026-04-20,2026-04-20,30500.0,476
사과,retail,사과,후지(10개),전주,C-유통,2026,04/20,"22,600",2026-04-20,2026-04-20,22600.0,486
사과,retail,사과,후지(10개),순천,역전,2026,04/20,"33,300",2026-04-20,2026-04-20,33300.0,496
사과,retail,사과,후지(10개),순천,A-유통,2026,04/20,"31,900",2026-04-20,2026-04-20,31900.0,506
사과,retail,사과,후지(10개),포항,죽도,2026,04/20,"27,700",2026-04-20,2026-04-20,27700.0,516
사과,retail,사과,후지(10개),포항,E-유통,2026,04/20,"27,900",2026-04-20,2026-04-20,27900.0,526
사과,retail,사과,후지(10개),안동,C-유통,2026,04/20,"27,900",2026-04-20,2026-04-20,27900.0,536
사과,retail,사과,후지(10개),창원,상남,2026,04/20,"30,500",2026-04-20,2026-04-20,30500.0,546
사과,retail,사과,후지(10개),창원,C-유통,2026,04/20,"18,700",2026-04-20,2026-04-20,18700.0,556
사과,retail,사과,후지(10개),김해,A-유통,2026,04/20,"33,900",2026-04-20,2026-04-20,33900.0,566
사과,retail,사과,후지(10개),제주,동문,2026,04/20,"33,300",2026-04-20,2026-04-20,33300.0,576
사과,retail,사과,후지(10개),제주,E-유통,2026,04/20,"24,900",2026-04-20,2026-04-20,24900.0,586
사과,retail,,,평균,,2026,04/21,"28,518",2026-04-21,2026-04-21,28518.0,77
사과,retail,,,평년,,2026,04/21,"25,472",2026-04-21,2026-04-21,25472.0,87
사과,retail,사과,후지(10개),서울,경동,2026,04/21,"25,000",2026-04-21,2026-04-21,25000.0,97
사과,retail,사과,후지(10개),서울,복조리,2026,04/21,"25,300",2026-04-21,2026-04-21,25300.0,107
사과,retail,사과,후지(10개),서울,A-유통,2026,04/21,"33,900",2026-04-21,2026-04-21,33900.0,117
사과,retail,사과,후지(10개),서울,B-유통,2026,04/21,"22,400",2026-04-21,2026-04-21,22400.0,127
사과,retail,사과,후지(10개),서울,B`-유통,2026,04/21,"21,900",2026-04-21,2026-04-21,21900.0,137
사과,retail,사과,후지(10개),서울,C-유통,2026,04/21,"18,700",2026-04-21,2026-04-21,18700.0,147
사과,retail,사과,후지(10개),서울,E-유통,2026,04/21,"21,900",2026-04-21,2026-04-21,21900.0,157
사과,retail,사과,후지(10개),서울,I-유통,2026,04/21,"25,800",2026-04-21,2026-04-21,25800.0,167
사과,retail,사과,후지(10개),서울,L-유통,2026,04/21,"21,900",2026-04-21,2026-04-21,21900.0,177
사과,retail,사과,후지(10개),부산,부전,2026,04/21,"27,800",2026-04-21,2026-04-21,27800.0,187
사과,retail,사과,후지(10개),부산,A-유통,2026,04/21,"31,900",2026-04-21,2026-04-21,31900.0,197
사과,retail,사과,후지(10개),부산,D-유통,2026,04/21,"24,700",2026-04-21,2026-04-21,24700.0,207
사과,retail,사과,후지(10개),부산,H-유통,2026,04/21,"27,800",2026-04-21,2026-04-21,27800.0,217
사과,retail,사과,후지(10개),대구,칠성,2026,04/21,"37,700",2026-04-21,2026-04-21,37700.0,227
사과,retail,사과,후지(10개),대구,A-유통,2026,04/21,"33,900",2026-04-21,2026-04-21,33900.0,237
사과,retail,사과,후지(10개),대구,E-유통,2026,04/21,"27,900",2026-04-21,2026-04-21,27900.0,247
사과,retail,사과,후지(10개),인천,현대,2026,04/21,"27,700",2026-04-21,2026-04-21,27700.0,257
사과,retail,사과,후지(10개),인천,E-유통,2026,04/21,"27,900",2026-04-21,2026-04-21,27900.0,267
사과,retail,사과,후지(10개),광주,양동,2026,04/21,"33,300",2026-04-21,2026-04-21,33300.0,277
사과,retail,사과,후지(10개),광주,A-유통,2026,04/21,"33,900",2026-04-21,2026-04-21,33900.0,287
사과,retail,사과,후지(10개),광주,E-유통,2026,04/21,"27,900",2026-04-21,2026-04-21,27900.0,297
사과,retail,사과,후지(10개),대전,역전,2026,04/21,"33,300",2026-04-21,2026-04-21,33300.0,307
사과,retail,사과,후지(10개),대전,A-유통,2026,04/21,"33,900",2026-04-21,2026-04-21,33900.0,317
사과,retail,사과,후지(10개),대전,E-유통,2026,04/21,"27,900",2026-04-21,2026-04-21,27900.0,327
사과,retail,사과,후지(10개),울산,신정,2026,04/21,"26,600",2026-04-21,2026-04-21,26600.0,337
사과,retail,사과,후지(10개),울산,B-유통,2026,04/21,"29,900",2026-04-21,2026-04-21,29900.0,347
사과,retail,사과,후지(10개),세종,C-유통,2026,04/21,"25,900",2026-04-21,2026-04-21,25900.0,357
사과,retail,사과,후지(10개),수원,지동,2026,04/21,"29,600",2026-04-21,2026-04-21,29600.0,367
사과,retail,사과,후지(10개),수원,B-유통,2026,04/21,"28,900",2026-04-21,2026-04-21,28900.0,377
사과,retail,사과,후지(10개),성남,B-유통,2026,04/21,"21,800",2026-04-21,2026-04-21,21800.0,387
사과,retail,사과,후지(10개),고양,B-유통,2026,04/21,"21,800",2026-04-21,2026-04-21,21800.0,397
사과,retail,사과,후지(10개),고양,J-유통,2026,04/21,"23,300",2026-04-21,2026-04-21,23300.0,407
사과,retail,사과,후지(10개),용인,C-유통,2026,04/21,"27,900",2026-04-21,2026-04-21,27900.0,417
사과,retail,사과,후지(10개),춘천,중앙,2026,04/21,"34,400",2026-04-21,2026-04-21,34400.0,427
사과,retail,사과,후지(10개),강릉,A-유통,2026,04/21,"33,900",2026-04-21,2026-04-21,33900.0,437
사과,retail,사과,후지(10개),청주,육거리,2026,04/21,"33,300",2026-04-21,2026-04-21,33300.0,447
사과,retail,사과,후지(10개),청주,B-유통,2026,04/21,"29,800",2026-04-21,2026-04-21,29800.0,457
사과,retail,사과,후지(10개),천안,C-유통,2026,04/21,"27,900",2026-04-21,2026-04-21,27900.0,467
사과,retail,사과,후지(10개),전주,남부,2026,04/21,"30,500",2026-04-21,2026-04-21,30500.0,477
사과,retail,사과,후지(10개),전주,C-유통,2026,04/21,"27,900",2026-04-21,2026-04-21,27900.0,487
사과,retail,사과,후지(10개),순천,역전,2026,04/21,"33,300",2026-04-21,2026-04-21,33300.0,497
사과,retail,사과,후지(10개),순천,A-유통,2026,04/21,"33,900",2026-04-21,2026-04-21,33900.0,507
사과,retail,사과,후지(10개),포항,죽도,2026,04/21,"27,700",2026-04-21,2026-04-21,27700.0,517
사과,retail,사과,후지(10개),포항,E-유통,2026,04/21,"27,900",2026-04-21,2026-04-21,27900.0,527
사과,retail,사과,후지(10개),안동,C-유통,2026,04/21,"27,900",2026-04-21,2026-04-21,27900.0,537
사과,retail,사과,후지(10개),창원,상남,2026,04/21,"30,500",2026-04-21,2026-04-21,30500.0,547
사과,retail,사과,후지(10개),창원,C-유통,2026,04/21,"27,900",2026-04-21,2026-04-21,27900.0,557
사과,retail,사과,후지(10개),김해,A-유통,2026,04/21,"33,900",2026-04-21,2026-04-21,33900.0,567
사과,retail,사과,후지(10개),제주,동문,2026,04/21,"33,300",2026-04-21,2026-04-21,33300.0,577
사과,retail,사과,후지(10개),제주,E-유통,2026,04/21,"21,900",2026-04-21,2026-04-21,21900.0,587
사과,retail,,,평균,,2026,04/22,"28,432",2026-04-22,2026-04-22,28432.0,78
사과,retail,,,평년,,2026,04/22,"25,432",2026-04-22,2026-04-22,25432.0,88
사과,retail,사과,후지(10개),서울,경동,2026,04/22,"25,000",2026-04-22,2026-04-22,25000.0,98
사과,retail,사과,후지(10개),서울,복조리,2026,04/22,"25,300",2026-04-22,2026-04-22,25300.0,108
사과,retail,사과,후지(10개),서울,A-유통,2026,04/22,"33,900",2026-04-22,2026-04-22,33900.0,118
사과,retail,사과,후지(10개),서울,B-유통,2026,04/22,"27,400",2026-04-22,2026-04-22,27400.0,128
사과,retail,사과,후지(10개),서울,B`-유통,2026,04/22,"21,900",2026-04-22,2026-04-22,21900.0,138
사과,retail,사과,후지(10개),서울,C-유통,2026,04/22,"18,700",2026-04-22,2026-04-22,18700.0,148
사과,retail,사과,후지(10개),서울,E-유통,2026,04/22,"21,900",2026-04-22,2026-04-22,21900.0,158
사과,retail,사과,후지(10개),서울,I-유통,2026,04/22,"17,800",2026-04-22,2026-04-22,17800.0,168
사과,retail,사과,후지(10개),서울,L-유통,2026,04/22,"21,900",2026-04-22,2026-04-22,21900.0,178
사과,retail,사과,후지(10개),부산,부전,2026,04/22,"27,800",2026-04-22,2026-04-22,27800.0,188
사과,retail,사과,후지(10개),부산,A-유통,2026,04/22,"31,900",2026-04-22,2026-04-22,31900.0,198
사과,retail,사과,후지(10개),부산,D-유통,2026,04/22,"24,700",2026-04-22,2026-04-22,24700.0,208
사과,retail,사과,후지(10개),부산,H-유통,2026,04/22,"27,800",2026-04-22,2026-04-22,27800.0,218
사과,retail,사과,후지(10개),대구,칠성,2026,04/22,"37,700",2026-04-22,2026-04-22,37700.0,228
사과,retail,사과,후지(10개),대구,A-유통,2026,04/22,"33,900",2026-04-22,2026-04-22,33900.0,238
사과,retail,사과,후지(10개),대구,E-유통,2026,04/22,"27,900",2026-04-22,2026-04-22,27900.0,248
사과,retail,사과,후지(10개),인천,현대,2026,04/22,"27,700",2026-04-22,2026-04-22,27700.0,258
사과,retail,사과,후지(10개),인천,E-유통,2026,04/22,"27,900",2026-04-22,2026-04-22,27900.0,268
사과,retail,사과,후지(10개),광주,양동,2026,04/22,"33,300",2026-04-22,2026-04-22,33300.0,278
사과,retail,사과,후지(10개),광주,A-유통,2026,04/22,"33,900",2026-04-22,2026-04-22,33900.0,288
사과,retail,사과,후지(10개),광주,E-유통,2026,04/22,"27,900",2026-04-22,2026-04-22,27900.0,298
사과,retail,사과,후지(10개),대전,역전,2026,04/22,"33,300",2026-04-22,2026-04-22,33300.0,308
사과,retail,사과,후지(10개),대전,A-유통,2026,04/22,"33,900",2026-04-22,2026-04-22,33900.0,318
사과,retail,사과,후지(10개),대전,E-유통,2026,04/22,"27,900",2026-04-22,2026-04-22,27900.0,328
사과,retail,사과,후지(10개),울산,신정,2026,04/22,"26,600",2026-04-22,2026-04-22,26600.0,338
사과,retail,사과,후지(10개),울산,B-유통,2026,04/22,"29,900",2026-04-22,2026-04-22,29900.0,348
사과,retail,사과,후지(10개),세종,C-유통,2026,04/22,"25,900",2026-04-22,2026-04-22,25900.0,358
사과,retail,사과,후지(10개),수원,지동,2026,04/22,"29,600",2026-04-22,2026-04-22,29600.0,368
사과,retail,사과,후지(10개),수원,B-유통,2026,04/22,"28,900",2026-04-22,2026-04-22,28900.0,378
사과,retail,사과,후지(10개),성남,B-유통,2026,04/22,"21,800",2026-04-22,2026-04-22,21800.0,388
사과,retail,사과,후지(10개),고양,B-유통,2026,04/22,"20,500",2026-04-22,2026-04-22,20500.0,398
사과,retail,사과,후지(10개),고양,J-유통,2026,04/22,"23,300",2026-04-22,2026-04-22,23300.0,408
사과,retail,사과,후지(10개),용인,C-유통,2026,04/22,"27,900",2026-04-22,2026-04-22,27900.0,418
사과,retail,사과,후지(10개),춘천,중앙,2026,04/22,"34,400",2026-04-22,2026-04-22,34400.0,428
사과,retail,사과,후지(10개),강릉,A-유통,2026,04/22,"33,900",2026-04-22,2026-04-22,33900.0,438
사과,retail,사과,후지(10개),청주,육거리,2026,04/22,"33,300",2026-04-22,2026-04-22,33300.0,448
사과,retail,사과,후지(10개),청주,B-유통,2026,04/22,"29,800",2026-04-22,2026-04-22,29800.0,458
사과,retail,사과,후지(10개),천안,C-유통,2026,04/22,"27,900",2026-04-22,2026-04-22,27900.0,468
사과,retail,사과,후지(10개),전주,남부,2026,04/22,"30,500",2026-04-22,2026-04-22,30500.0,478
사과,retail,사과,후지(10개),전주,C-유통,2026,04/22,"27,900",2026-04-22,2026-04-22,27900.0,488
사과,retail,사과,후지(10개),순천,역전,2026,04/22,"33,300",2026-04-22,2026-04-22,33300.0,498
사과,retail,사과,후지(10개),순천,A-유통,2026,04/22,"33,900",2026-04-22,2026-04-22,33900.0,508
사과,retail,사과,후지(10개),포항,죽도,2026,04/22,"27,700",2026-04-22,2026-04-22,27700.0,518
사과,retail,사과,후지(10개),포항,E-유통,2026,04/22,"27,900",2026-04-22,2026-04-22,27900.0,528
사과,retail,사과,후지(10개),안동,C-유통,2026,04/22,"27,900",2026-04-22,2026-04-22,27900.0,538
사과,retail,사과,후지(10개),창원,상남,2026,04/22,"30,500",2026-04-22,2026-04-22,30500.0,548
사과,retail,사과,후지(10개),창원,C-유통,2026,04/22,"27,900",2026-04-22,2026-04-22,27900.0,558
사과,retail,사과,후지(10개),김해,A-유통,2026,04/22,"33,900",2026-04-22,2026-04-22,33900.0,568
사과,retail,사과,후지(10개),제주,동문,2026,04/22,"33,300",2026-04-22,2026-04-22,33300.0,578
사과,retail,사과,후지(10개),제주,E-유통,2026,04/22,"21,900",2026-04-22,2026-04-22,21900.0,588
사과,retail,,,평균,,2026,04/23,"26,983",2026-04-23,2026-04-23,26983.0,79
사과,retail,,,평년,,2026,04/23,"25,484",2026-04-23,2026-04-23,25484.0,89
사과,retail,사과,후지(10개),서울,경동,2026,04/23,"25,000",2026-04-23,2026-04-23,25000.0,99
사과,retail,사과,후지(10개),서울,복조리,2026,04/23,"25,300",2026-04-23,2026-04-23,25300.0,109
사과,retail,사과,후지(10개),서울,A-유통,2026,04/23,-,2026-04-23,2026-04-23,,119
사과,retail,사과,후지(10개),서울,B-유통,2026,04/23,"27,400",2026-04-23,2026-04-23,27400.0,129
사과,retail,사과,후지(10개),서울,B`-유통,2026,04/23,"21,900",2026-04-23,2026-04-23,21900.0,139
사과,retail,사과,후지(10개),서울,C-유통,2026,04/23,"21,900",2026-04-23,2026-04-23,21900.0,149
사과,retail,사과,후지(10개),서울,E-유통,2026,04/23,"23,900",2026-04-23,2026-04-23,23900.0,159
사과,retail,사과,후지(10개),서울,I-유통,2026,04/23,"17,800",2026-04-23,2026-04-23,17800.0,169
사과,retail,사과,후지(10개),서울,L-유통,2026,04/23,"21,900",2026-04-23,2026-04-23,21900.0,179
사과,retail,사과,후지(10개),부산,부전,2026,04/23,"27,800",2026-04-23,2026-04-23,27800.0,189
사과,retail,사과,후지(10개),부산,A-유통,2026,04/23,"31,900",2026-04-23,2026-04-23,31900.0,199
사과,retail,사과,후지(10개),부산,D-유통,2026,04/23,"19,800",2026-04-23,2026-04-23,19800.0,209
사과,retail,사과,후지(10개),부산,H-유통,2026,04/23,"24,500",2026-04-23,2026-04-23,24500.0,219
사과,retail,사과,후지(10개),대구,칠성,2026,04/23,"37,700",2026-04-23,2026-04-23,37700.0,229
사과,retail,사과,후지(10개),대구,A-유통,2026,04/23,-,2026-04-23,2026-04-23,,239
사과,retail,사과,후지(10개),대구,E-유통,2026,04/23,"23,900",2026-04-23,2026-04-23,23900.0,249
사과,retail,사과,후지(10개),인천,현대,2026,04/23,"25,000",2026-04-23,2026-04-23,25000.0,259
사과,retail,사과,후지(10개),인천,E-유통,2026,04/23,"23,900",2026-04-23,2026-04-23,23900.0,269
사과,retail,사과,후지(10개),광주,양동,2026,04/23,"33,300",2026-04-23,2026-04-23,33300.0,279
사과,retail,사과,후지(10개),광주,A-유통,2026,04/23,"33,900",2026-04-23,2026-04-23,33900.0,289
사과,retail,사과,후지(10개),광주,E-유통,2026,04/23,"23,900",2026-04-23,2026-04-23,23900.0,299
사과,retail,사과,후지(10개),대전,역전,2026,04/23,"33,300",2026-04-23,2026-04-23,33300.0,309
사과,retail,사과,후지(10개),대전,A-유통,2026,04/23,"33,900",2026-04-23,2026-04-23,33900.0,319
사과,retail,사과,후지(10개),대전,E-유통,2026,04/23,"23,900",2026-04-23,2026-04-23,23900.0,329
사과,retail,사과,후지(10개),울산,신정,2026,04/23,"26,600",2026-04-23,2026-04-23,26600.0,339
사과,retail,사과,후지(10개),울산,B-유통,2026,04/23,"29,900",2026-04-23,2026-04-23,29900.0,349
사과,retail,사과,후지(10개),세종,C-유통,2026,04/23,"21,900",2026-04-23,2026-04-23,21900.0,359
사과,retail,사과,후지(10개),수원,지동,2026,04/23,"29,600",2026-04-23,2026-04-23,29600.0,369
사과,retail,사과,후지(10개),수원,B-유통,2026,04/23,"28,900",2026-04-23,2026-04-23,28900.0,379
사과,retail,사과,후지(10개),성남,B-유통,2026,04/23,"21,800",2026-04-23,2026-04-23,21800.0,389
사과,retail,사과,후지(10개),고양,B-유통,2026,04/23,"20,500",2026-04-23,2026-04-23,20500.0,399
사과,retail,사과,후지(10개),고양,J-유통,2026,04/23,"23,300",2026-04-23,2026-04-23,23300.0,409
사과,retail,사과,후지(10개),용인,C-유통,2026,04/23,"21,900",2026-04-23,2026-04-23,21900.0,419
사과,retail,사과,후지(10개),춘천,중앙,2026,04/23,"34,400",2026-04-23,2026-04-23,34400.0,429
사과,retail,사과,후지(10개),강릉,A-유통,2026,04/23,"33,900",2026-04-23,2026-04-23,33900.0,439
사과,retail,사과,후지(10개),청주,육거리,2026,04/23,"33,300",2026-04-23,2026-04-23,33300.0,449
사과,retail,사과,후지(10개),청주,B-유통,2026,04/23,"29,800",2026-04-23,2026-04-23,29800.0,459
사과,retail,사과,후지(10개),천안,C-유통,2026,04/23,"21,900",2026-04-23,2026-04-23,21900.0,469
사과,retail,사과,후지(10개),전주,남부,2026,04/23,"30,500",2026-04-23,2026-04-23,30500.0,479
사과,retail,사과,후지(10개),전주,C-유통,2026,04/23,"21,900",2026-04-23,2026-04-23,21900.0,489
사과,retail,사과,후지(10개),순천,역전,2026,04/23,"33,300",2026-04-23,2026-04-23,33300.0,499
사과,retail,사과,후지(10개),순천,A-유통,2026,04/23,"39,900",2026-04-23,2026-04-23,39900.0,509
사과,retail,사과,후지(10개),포항,죽도,2026,04/23,"27,700",2026-04-23,2026-04-23,27700.0,519
사과,retail,사과,후지(10개),포항,E-유통,2026,04/23,"23,900",2026-04-23,2026-04-23,23900.0,529
사과,retail,사과,후지(10개),안동,C-유통,2026,04/23,"21,900",2026-04-23,2026-04-23,21900.0,539
사과,retail,사과,후지(10개),창원,상남,2026,04/23,"30,500",2026-04-23,2026-04-23,30500.0,549
사과,retail,사과,후지(10개),창원,C-유통,2026,04/23,"21,900",2026-04-23,2026-04-23,21900.0,559
사과,retail,사과,후지(10개),김해,A-유통,2026,04/23,-,2026-04-23,2026-04-23,,569
사과,retail,사과,후지(10개),제주,동문,2026,04/23,"33,300",2026-04-23,2026-04-23,33300.0,579
사과,retail,사과,후지(10개),제주,E-유통,2026,04/23,"23,900",2026-04-23,2026-04-23,23900.0,589
사과,wholesale,,,평균,,2026,04/10,"93,320",2026-04-10,2026-04-10,93320.0,0
사과,wholesale,,,평년,,2026,04/10,"65,710",2026-04-10,2026-04-10,65710.0,10
사과,wholesale,사과,후지(10kg),서울,가락도매,2026,04/10,"104,000",2026-04-10,2026-04-10,104000.0,20
사과,wholesale,사과,후지(10kg),부산,엄궁도매,2026,04/10,"88,000",2026-04-10,2026-04-10,88000.0,30
사과,wholesale,사과,후지(10kg),대구,북부도매,2026,04/10,"83,600",2026-04-10,2026-04-10,83600.0,40
사과,wholesale,사과,후지(10kg),광주,서부도매,2026,04/10,"110,000",2026-04-10,2026-04-10,110000.0,50
사과,wholesale,사과,후지(10kg),대전,오정도매,2026,04/10,"81,000",2026-04-10,2026-04-10,81000.0,60
사과,wholesale,,,평균,,2026,04/13,"93,320",2026-04-13,2026-04-13,93320.0,1
사과,wholesale,,,평년,,2026,04/13,"65,847",2026-04-13,2026-04-13,65847.0,11
사과,wholesale,사과,후지(10kg),서울,가락도매,2026,04/13,"104,000",2026-04-13,2026-04-13,104000.0,21
사과,wholesale,사과,후지(10kg),부산,엄궁도매,2026,04/13,"88,000",2026-04-13,2026-04-13,88000.0,31
사과,wholesale,사과,후지(10kg),대구,북부도매,2026,04/13,"83,600",2026-04-13,2026-04-13,83600.0,41
사과,wholesale,사과,후지(10kg),광주,서부도매,2026,04/13,"110,000",2026-04-13,2026-04-13,110000.0,51
사과,wholesale,사과,후지(10kg),대전,오정도매,2026,04/13,"81,000",2026-04-13,2026-04-13,81000.0,61
사과,wholesale,,,평균,,2026,04/14,"92,600",2026-04-14,2026-04-14,92600.0,2
사과,wholesale,,,평년,,2026,04/14,"65,783",2026-04-14,2026-04-14,65783.0,12
사과,wholesale,사과,후지(10kg),서울,가락도매,2026,04/14,"99,000",2026-04-14,2026-04-14,99000.0,22
사과,wholesale,사과,후지(10kg),부산,엄궁도매,2026,04/14,"88,000",2026-04-14,2026-04-14,88000.0,32
사과,wholesale,사과,후지(10kg),대구,북부도매,2026,04/14,"88,000",2026-04-14,2026-04-14,88000.0,42
사과,wholesale,사과,후지(10kg),광주,서부도매,2026,04/14,"110,000",2026-04-14,2026-04-14,110000.0,52
사과,wholesale,사과,후지(10kg),대전,오정도매,2026,04/14,"78,000",2026-04-14,2026-04-14,78000.0,62
사과,wholesale,,,평균,,2026,04/15,"91,920",2026-04-15,2026-04-15,91920.0,3
사과,wholesale,,,평년,,2026,04/15,"65,782",2026-04-15,2026-04-15,65782.0,13
사과,wholesale,사과,후지(10kg),서울,가락도매,2026,04/15,"99,000",2026-04-15,2026-04-15,99000.0,23
사과,wholesale,사과,후지(10kg),부산,엄궁도매,2026,04/15,"88,000",2026-04-15,2026-04-15,88000.0,33
사과,wholesale,사과,후지(10kg),대구,북부도매,2026,04/15,"88,000",2026-04-15,2026-04-15,88000.0,43
사과,wholesale,사과,후지(10kg),광주,서부도매,2026,04/15,"108,000",2026-04-15,2026-04-15,108000.0,53
사과,wholesale,사과,후지(10kg),대전,오정도매,2026,04/15,"76,600",2026-04-15,2026-04-15,76600.0,63
사과,wholesale,,,평균,,2026,04/16,"91,720",2026-04-16,2026-04-16,91720.0,4
사과,wholesale,,,평년,,2026,04/16,"65,827",2026-04-16,2026-04-16,65827.0,14
사과,wholesale,사과,후지(10kg),서울,가락도매,2026,04/16,"99,000",2026-04-16,2026-04-16,99000.0,24
사과,wholesale,사과,후지(10kg),부산,엄궁도매,2026,04/16,"87,000",2026-04-16,2026-04-16,87000.0,34
사과,wholesale,사과,후지(10kg),대구,북부도매,2026,04/16,"88,000",2026-04-16,2026-04-16,88000.0,44
사과,wholesale,사과,후지(10kg),광주,서부도매,2026,04/16,"108,000",2026-04-16,2026-04-16,108000.0,54
사과,wholesale,사과,후지(10kg),대전,오정도매,2026,04/16,"76,600",2026-04-16,2026-04-16,76600.0,64
사과,wholesale,,,평균,,2026,04/17,"92,320",2026-04-17,2026-04-17,92320.0,5
사과,wholesale,,,평년,,2026,04/17,"65,702",2026-04-17,2026-04-17,65702.0,15
사과,wholesale,사과,후지(10kg),서울,가락도매,2026,04/17,"99,000",2026-04-17,2026-04-17,99000.0,25
사과,wholesale,사과,후지(10kg),부산,엄궁도매,2026,04/17,"90,000",2026-04-17,2026-04-17,90000.0,35
사과,wholesale,사과,후지(10kg),대구,북부도매,2026,04/17,"88,000",2026-04-17,2026-04-17,88000.0,45
사과,wholesale,사과,후지(10kg),광주,서부도매,2026,04/17,"107,000",2026-04-17,2026-04-17,107000.0,55
사과,wholesale,사과,후지(10kg),대전,오정도매,2026,04/17,"77,600",2026-04-17,2026-04-17,77600.0,65
사과,wholesale,,,평균,,2026,04/20,"90,920",2026-04-20,2026-04-20,90920.0,6
사과,wholesale,,,평년,,2026,04/20,"65,251",2026-04-20,2026-04-20,65251.0,16
사과,wholesale,사과,후지(10kg),서울,가락도매,2026,04/20,"99,000",2026-04-20,2026-04-20,99000.0,26
사과,wholesale,사과,후지(10kg),부산,엄궁도매,2026,04/20,"90,000",2026-04-20,2026-04-20,90000.0,36
사과,wholesale,사과,후지(10kg),대구,북부도매,2026,04/20,"88,000",2026-04-20,2026-04-20,88000.0,46
사과,wholesale,사과,후지(10kg),광주,서부도매,2026,04/20,"97,600",2026-04-20,2026-04-20,97600.0,56
사과,wholesale,사과,후지(10kg),대전,오정도매,2026,04/20,"80,000",2026-04-20,2026-04-20,80000.0,66
사과,wholesale,,,평균,,2026,04/21,"89,240",2026-04-21,2026-04-21,89240.0,7
사과,wholesale,,,평년,,2026,04/21,"65,308",2026-04-21,2026-04-21,65308.0,17
사과,wholesale,사과,후지(10kg),서울,가락도매,2026,04/21,"99,000",2026-04-21,2026-04-21,99000.0,27
사과,wholesale,사과,후지(10kg),부산,엄궁도매,2026,04/21,"90,000",2026-04-21,2026-04-21,90000.0,37
사과,wholesale,사과,후지(10kg),대구,북부도매,2026,04/21,"88,000",2026-04-21,2026-04-21,88000.0,47
사과,wholesale,사과,후지(10kg),광주,서부도매,2026,04/21,"97,600",2026-04-21,2026-04-21,97600.0,57
사과,wholesale,사과,후지(10kg),대전,오정도매,2026,04/21,"71,600",2026-04-21,2026-04-21,71600.0,67
사과,wholesale,,,평균,,2026,04/22,"89,920",2026-04-22,2026-04-22,89920.0,8
사과,wholesale,,,평년,,2026,04/22,"65,599",2026-04-22,2026-04-22,65599.0,18
사과,wholesale,사과,후지(10kg),서울,가락도매,2026,04/22,"99,000",2026-04-22,2026-04-22,99000.0,28
사과,wholesale,사과,후지(10kg),부산,엄궁도매,2026,04/22,"90,000",2026-04-22,2026-04-22,90000.0,38
사과,wholesale,사과,후지(10kg),대구,북부도매,2026,04/22,"88,000",2026-04-22,2026-04-22,88000.0,48
사과,wholesale,사과,후지(10kg),광주,서부도매,2026,04/22,"97,600",2026-04-22,2026-04-22,97600.0,58
사과,wholesale,사과,후지(10kg),대전,오정도매,2026,04/22,"75,000",2026-04-22,2026-04-22,75000.0,68
사과,wholesale,,,평균,,2026,04/23,"89,780",2026-04-23,2026-04-23,89780.0,9
사과,wholesale,,,평년,,2026,04/23,"65,583",2026-04-23,2026-04-23,65583.0,19
사과,wholesale,사과,후지(10kg),서울,가락도매,2026,04/23,"99,000",2026-04-23,2026-04-23,99000.0,29
사과,wholesale,사과,후지(10kg),부산,엄궁도매,2026,04/23,"90,000",2026-04-23,2026-04-23,90000.0,39
사과,wholesale,사과,후지(10kg),대구,북부도매,2026,04/23,"89,000",2026-04-23,2026-04-23,89000.0,49
사과,wholesale,사과,후지(10kg),광주,서부도매,2026,04/23,"97,600",2026-04-23,2026-04-23,97600.0,59
사과,wholesale,사과,후지(10kg),대전,오정도매,2026,04/23,"73,300",2026-04-23,2026-04-23,73300.0,69
오이,retail,,,평균,,2026,04/10,"7,669",2026-04-10,2026-04-10,7669.0,660
오이,retail,,,평년,,2026,04/10,"9,241",2026-04-10,2026-04-10,9241.0,670
오이,retail,오이,다다기계통(10개),서울,경동,2026,04/10,"8,660",2026-04-10,2026-04-10,8660.0,680
오이,retail,오이,다다기계통(10개),서울,복조리,2026,04/10,"8,050",2026-04-10,2026-04-10,8050.0,690
오이,retail,오이,다다기계통(10개),서울,B-유통,2026,04/10,"6,380",2026-04-10,2026-04-10,6380.0,700
오이,retail,오이,다다기계통(10개),서울,B`-유통,2026,04/10,"5,760",2026-04-10,2026-04-10,5760.0,710
오이,retail,오이,다다기계통(10개),서울,C-유통,2026,04/10,"6,600",2026-04-10,2026-04-10,6600.0,720
오이,retail,오이,다다기계통(10개),서울,E-유통,2026,04/10,"7,980",2026-04-10,2026-04-10,7980.0,730
오이,retail,오이,다다기계통(10개),서울,I-유통,2026,04/10,"9,960",2026-04-10,2026-04-10,9960.0,740
오이,retail,오이,다다기계통(10개),서울,L-유통,2026,04/10,"7,960",2026-04-10,2026-04-10,7960.0,750
오이,retail,오이,다다기계통(10개),부산,부전,2026,04/10,"8,330",2026-04-10,2026-04-10,8330.0,760
오이,retail,오이,다다기계통(10개),부산,D-유통,2026,04/10,"5,800",2026-04-10,2026-04-10,5800.0,770
오이,retail,오이,다다기계통(10개),부산,H-유통,2026,04/10,"9,160",2026-04-10,2026-04-10,9160.0,780
오이,retail,오이,다다기계통(10개),대구,칠성,2026,04/10,"8,160",2026-04-10,2026-04-10,8160.0,790
오이,retail,오이,다다기계통(10개),대구,E-유통,2026,04/10,"7,980",2026-04-10,2026-04-10,7980.0,800
오이,retail,오이,다다기계통(10개),인천,현대,2026,04/10,"8,440",2026-04-10,2026-04-10,8440.0,810
오이,retail,오이,다다기계통(10개),인천,E-유통,2026,04/10,"7,980",2026-04-10,2026-04-10,7980.0,820
오이,retail,오이,다다기계통(10개),광주,양동,2026,04/10,"7,330",2026-04-10,2026-04-10,7330.0,830
오이,retail,오이,다다기계통(10개),광주,E-유통,2026,04/10,"7,980",2026-04-10,2026-04-10,7980.0,840
오이,retail,오이,다다기계통(10개),대전,역전,2026,04/10,"6,870",2026-04-10,2026-04-10,6870.0,850
오이,retail,오이,다다기계통(10개),대전,E-유통,2026,04/10,"7,980",2026-04-10,2026-04-10,7980.0,860
오이,retail,오이,다다기계통(10개),울산,신정,2026,04/10,"7,220",2026-04-10,2026-04-10,7220.0,870
오이,retail,오이,다다기계통(10개),울산,B-유통,2026,04/10,"7,960",2026-04-10,2026-04-10,7960.0,880
오이,retail,오이,다다기계통(10개),세종,C-유통,2026,04/10,"6,630",2026-04-10,2026-04-10,6630.0,890
오이,retail,오이,다다기계통(10개),수원,지동,2026,04/10,"8,750",2026-04-10,2026-04-10,8750.0,900
오이,retail,오이,다다기계통(10개),수원,B-유통,2026,04/10,"6,600",2026-04-10,2026-04-10,6600.0,910
오이,retail,오이,다다기계통(10개),성남,B-유통,2026,04/10,"6,560",2026-04-10,2026-04-10,6560.0,920
오이,retail,오이,다다기계통(10개),고양,B-유통,2026,04/10,"5,960",2026-04-10,2026-04-10,5960.0,930
오이,retail,오이,다다기계통(10개),고양,J-유통,2026,04/10,"8,800",2026-04-10,2026-04-10,8800.0,940
오이,retail,오이,다다기계통(10개),용인,C-유통,2026,04/10,"6,600",2026-04-10,2026-04-10,6600.0,950
오이,retail,오이,다다기계통(10개),춘천,중앙,2026,04/10,"8,110",2026-04-10,2026-04-10,8110.0,960
오이,retail,오이,다다기계통(10개),청주,육거리,2026,04/10,"6,660",2026-04-10,2026-04-10,6660.0,970
오이,retail,오이,다다기계통(10개),청주,B-유통,2026,04/10,"5,960",2026-04-10,2026-04-10,5960.0,980
오이,retail,오이,다다기계통(10개),천안,C-유통,2026,04/10,"5,960",2026-04-10,2026-04-10,5960.0,990
오이,retail,오이,다다기계통(10개),전주,남부,2026,04/10,"7,220",2026-04-10,2026-04-10,7220.0,1000
오이,retail,오이,다다기계통(10개),전주,C-유통,2026,04/10,"8,930",2026-04-10,2026-04-10,8930.0,1010
오이,retail,오이,다다기계통(10개),포항,죽도,2026,04/10,"8,330",2026-04-10,2026-04-10,8330.0,1020
오이,retail,오이,다다기계통(10개),포항,E-유통,2026,04/10,"7,980",2026-04-10,2026-04-10,7980.0,1030
오이,retail,오이,다다기계통(10개),안동,C-유통,2026,04/10,"9,960",2026-04-10,2026-04-10,9960.0,1040
오이,retail,오이,다다기계통(10개),창원,상남,2026,04/10,"8,250",2026-04-10,2026-04-10,8250.0,1050
오이,retail,오이,다다기계통(10개),창원,C-유통,2026,04/10,"6,630",2026-04-10,2026-04-10,6630.0,1060
오이,retail,오이,다다기계통(10개),제주,동문,2026,04/10,"10,000",2026-04-10,2026-04-10,10000.0,1070
오이,retail,오이,다다기계통(10개),제주,E-유통,2026,04/10,"7,980",2026-04-10,2026-04-10,7980.0,1080
오이,retail,,,평균,,2026,04/13,"7,901",2026-04-13,2026-04-13,7901.0,661
오이,retail,,,평년,,2026,04/13,"9,032",2026-04-13,2026-04-13,9032.0,671
오이,retail,오이,다다기계통(10개),서울,경동,2026,04/13,"8,220",2026-04-13,2026-04-13,8220.0,681
오이,retail,오이,다다기계통(10개),서울,복조리,2026,04/13,"8,050",2026-04-13,2026-04-13,8050.0,691
오이,retail,오이,다다기계통(10개),서울,B-유통,2026,04/13,"6,380",2026-04-13,2026-04-13,6380.0,701
오이,retail,오이,다다기계통(10개),서울,B`-유통,2026,04/13,"5,760",2026-04-13,2026-04-13,5760.0,711
오이,retail,오이,다다기계통(10개),서울,C-유통,2026,04/13,"8,900",2026-04-13,2026-04-13,8900.0,721
오이,retail,오이,다다기계통(10개),서울,E-유통,2026,04/13,"7,980",2026-04-13,2026-04-13,7980.0,731
오이,retail,오이,다다기계통(10개),서울,I-유통,2026,04/13,"9,960",2026-04-13,2026-04-13,9960.0,741
오이,retail,오이,다다기계통(10개),서울,L-유통,2026,04/13,"7,960",2026-04-13,2026-04-13,7960.0,751
오이,retail,오이,다다기계통(10개),부산,부전,2026,04/13,"8,160",2026-04-13,2026-04-13,8160.0,761
오이,retail,오이,다다기계통(10개),부산,D-유통,2026,04/13,"6,260",2026-04-13,2026-04-13,6260.0,771
오이,retail,오이,다다기계통(10개),부산,H-유통,2026,04/13,"6,780",2026-04-13,2026-04-13,6780.0,781
오이,retail,오이,다다기계통(10개),대구,칠성,2026,04/13,"8,160",2026-04-13,2026-04-13,8160.0,791
오이,retail,오이,다다기계통(10개),대구,E-유통,2026,04/13,"7,980",2026-04-13,2026-04-13,7980.0,801
오이,retail,오이,다다기계통(10개),인천,현대,2026,04/13,"8,440",2026-04-13,2026-04-13,8440.0,811
오이,retail,오이,다다기계통(10개),인천,E-유통,2026,04/13,"9,980",2026-04-13,2026-04-13,9980.0,821
오이,retail,오이,다다기계통(10개),광주,양동,2026,04/13,"7,500",2026-04-13,2026-04-13,7500.0,831
오이,retail,오이,다다기계통(10개),광주,E-유통,2026,04/13,"9,980",2026-04-13,2026-04-13,9980.0,841
오이,retail,오이,다다기계통(10개),대전,역전,2026,04/13,"6,750",2026-04-13,2026-04-13,6750.0,851
오이,retail,오이,다다기계통(10개),대전,E-유통,2026,04/13,"7,980",2026-04-13,2026-04-13,7980.0,861
오이,retail,오이,다다기계통(10개),울산,신정,2026,04/13,"6,940",2026-04-13,2026-04-13,6940.0,871
오이,retail,오이,다다기계통(10개),울산,B-유통,2026,04/13,"7,960",2026-04-13,2026-04-13,7960.0,881
오이,retail,오이,다다기계통(10개),세종,C-유통,2026,04/13,"6,630",2026-04-13,2026-04-13,6630.0,891
오이,retail,오이,다다기계통(10개),수원,지동,2026,04/13,"9,160",2026-04-13,2026-04-13,9160.0,901
오이,retail,오이,다다기계통(10개),수원,B-유통,2026,04/13,"6,600",2026-04-13,2026-04-13,6600.0,911
오이,retail,오이,다다기계통(10개),성남,B-유통,2026,04/13,"6,960",2026-04-13,2026-04-13,6960.0,921
오이,retail,오이,다다기계통(10개),고양,B-유통,2026,04/13,"4,960",2026-04-13,2026-04-13,4960.0,931
오이,retail,오이,다다기계통(10개),고양,J-유통,2026,04/13,"8,800",2026-04-13,2026-04-13,8800.0,941
오이,retail,오이,다다기계통(10개),용인,C-유통,2026,04/13,"6,600",2026-04-13,2026-04-13,6600.0,951
오이,retail,오이,다다기계통(10개),춘천,중앙,2026,04/13,"8,110",2026-04-13,2026-04-13,8110.0,961
오이,retail,오이,다다기계통(10개),청주,육거리,2026,04/13,"6,520",2026-04-13,2026-04-13,6520.0,971
오이,retail,오이,다다기계통(10개),청주,B-유통,2026,04/13,"6,960",2026-04-13,2026-04-13,6960.0,981
오이,retail,오이,다다기계통(10개),천안,C-유통,2026,04/13,"5,960",2026-04-13,2026-04-13,5960.0,991
오이,retail,오이,다다기계통(10개),전주,남부,2026,04/13,"7,220",2026-04-13,2026-04-13,7220.0,1001
오이,retail,오이,다다기계통(10개),전주,C-유통,2026,04/13,"8,930",2026-04-13,2026-04-13,8930.0,1011
오이,retail,오이,다다기계통(10개),포항,죽도,2026,04/13,"8,330",2026-04-13,2026-04-13,8330.0,1021
오이,retail,오이,다다기계통(10개),포항,E-유통,2026,04/13,"7,980",2026-04-13,2026-04-13,7980.0,1031
오이,retail,오이,다다기계통(10개),안동,C-유통,2026,04/13,"9,960",2026-04-13,2026-04-13,9960.0,1041
오이,retail,오이,다다기계통(10개),창원,상남,2026,04/13,"8,250",2026-04-13,2026-04-13,8250.0,1051
오이,retail,오이,다다기계통(10개),창원,C-유통,2026,04/13,"9,960",2026-04-13,2026-04-13,9960.0,1061
오이,retail,오이,다다기계통(10개),제주,동문,2026,04/13,"10,000",2026-04-13,2026-04-13,10000.0,1071
오이,retail,오이,다다기계통(10개),제주,E-유통,2026,04/13,"9,980",2026-04-13,2026-04-13,9980.0,1081
오이,retail,,,평균,,2026,04/14,"7,883",2026-04-14,2026-04-14,7883.0,662
오이,retail,,,평년,,2026,04/14,"8,907",2026-04-14,2026-04-14,8907.0,672
오이,retail,오이,다다기계통(10개),서울,경동,2026,04/14,"8,660",2026-04-14,2026-04-14,8660.0,682
오이,retail,오이,다다기계통(10개),서울,복조리,2026,04/14,"7,770",2026-04-14,2026-04-14,7770.0,692
오이,retail,오이,다다기계통(10개),서울,B-유통,2026,04/14,"6,380",2026-04-14,2026-04-14,6380.0,702
오이,retail,오이,다다기계통(10개),서울,B`-유통,2026,04/14,"5,760",2026-04-14,2026-04-14,5760.0,712
오이,retail,오이,다다기계통(10개),서울,C-유통,2026,04/14,"8,900",2026-04-14,2026-04-14,8900.0,722
오이,retail,오이,다다기계통(10개),서울,E-유통,2026,04/14,"9,980",2026-04-14,2026-04-14,9980.0,732
오이,retail,오이,다다기계통(10개),서울,I-유통,2026,04/14,"9,960",2026-04-14,2026-04-14,9960.0,742
오이,retail,오이,다다기계통(10개),서울,L-유통,2026,04/14,"7,960",2026-04-14,2026-04-14,7960.0,752
오이,retail,오이,다다기계통(10개),부산,부전,2026,04/14,"8,160",2026-04-14,2026-04-14,8160.0,762
오이,retail,오이,다다기계통(10개),부산,D-유통,2026,04/14,"6,260",2026-04-14,2026-04-14,6260.0,772
오이,retail,오이,다다기계통(10개),부산,H-유통,2026,04/14,"6,780",2026-04-14,2026-04-14,6780.0,782
오이,retail,오이,다다기계통(10개),대구,칠성,2026,04/14,"7,410",2026-04-14,2026-04-14,7410.0,792
오이,retail,오이,다다기계통(10개),대구,E-유통,2026,04/14,"9,980",2026-04-14,2026-04-14,9980.0,802
오이,retail,오이,다다기계통(10개),인천,현대,2026,04/14,"8,110",2026-04-14,2026-04-14,8110.0,812
오이,retail,오이,다다기계통(10개),인천,E-유통,2026,04/14,"9,980",2026-04-14,2026-04-14,9980.0,822
오이,retail,오이,다다기계통(10개),광주,양동,2026,04/14,"6,220",2026-04-14,2026-04-14,6220.0,832
오이,retail,오이,다다기계통(10개),광주,E-유통,2026,04/14,"9,980",2026-04-14,2026-04-14,9980.0,842
오이,retail,오이,다다기계통(10개),대전,역전,2026,04/14,"6,750",2026-04-14,2026-04-14,6750.0,852
오이,retail,오이,다다기계통(10개),대전,E-유통,2026,04/14,"9,980",2026-04-14,2026-04-14,9980.0,862
오이,retail,오이,다다기계통(10개),울산,신정,2026,04/14,"6,940",2026-04-14,2026-04-14,6940.0,872
오이,retail,오이,다다기계통(10개),울산,B-유통,2026,04/14,"8,360",2026-04-14,2026-04-14,8360.0,882
오이,retail,오이,다다기계통(10개),세종,C-유통,2026,04/14,"6,630",2026-04-14,2026-04-14,6630.0,892
오이,retail,오이,다다기계통(10개),수원,지동,2026,04/14,"9,160",2026-04-14,2026-04-14,9160.0,902
오이,retail,오이,다다기계통(10개),수원,B-유통,2026,04/14,"6,600",2026-04-14,2026-04-14,6600.0,912
오이,retail,오이,다다기계통(10개),성남,B-유통,2026,04/14,"6,960",2026-04-14,2026-04-14,6960.0,922
오이,retail,오이,다다기계통(10개),고양,B-유통,2026,04/14,"6,600",2026-04-14,2026-04-14,6600.0,932
오이,retail,오이,다다기계통(10개),고양,J-유통,2026,04/14,"6,980",2026-04-14,2026-04-14,6980.0,942
오이,retail,오이,다다기계통(10개),용인,C-유통,2026,04/14,"6,960",2026-04-14,2026-04-14,6960.0,952
오이,retail,오이,다다기계통(10개),춘천,중앙,2026,04/14,"8,110",2026-04-14,2026-04-14,8110.0,962
오이,retail,오이,다다기계통(10개),청주,육거리,2026,04/14,"6,440",2026-04-14,2026-04-14,6440.0,972
오이,retail,오이,다다기계통(10개),청주,B-유통,2026,04/14,"6,960",2026-04-14,2026-04-14,6960.0,982
오이,retail,오이,다다기계통(10개),천안,C-유통,2026,04/14,"5,960",2026-04-14,2026-04-14,5960.0,992
오이,retail,오이,다다기계통(10개),전주,남부,2026,04/14,"6,880",2026-04-14,2026-04-14,6880.0,1002
오이,retail,오이,다다기계통(10개),전주,C-유통,2026,04/14,"8,930",2026-04-14,2026-04-14,8930.0,1012
오이,retail,오이,다다기계통(10개),포항,죽도,2026,04/14,"8,330",2026-04-14,2026-04-14,8330.0,1022
오이,retail,오이,다다기계통(10개),포항,E-유통,2026,04/14,"9,980",2026-04-14,2026-04-14,9980.0,1032
오이,retail,오이,다다기계통(10개),안동,C-유통,2026,04/14,"6,600",2026-04-14,2026-04-14,6600.0,1042
오이,retail,오이,다다기계통(10개),창원,상남,2026,04/14,"8,250",2026-04-14,2026-04-14,8250.0,1052
오이,retail,오이,다다기계통(10개),창원,C-유통,2026,04/14,"6,630",2026-04-14,2026-04-14,6630.0,1062
오이,retail,오이,다다기계통(10개),제주,동문,2026,04/14,"10,000",2026-04-14,2026-04-14,10000.0,1072
오이,retail,오이,다다기계통(10개),제주,E-유통,2026,04/14,"9,980",2026-04-14,2026-04-14,9980.0,1082
오이,retail,,,평균,,2026,04/15,"7,932",2026-04-15,2026-04-15,7932.0,663
오이,retail,,,평년,,2026,04/15,"8,763",2026-04-15,2026-04-15,8763.0,673
오이,retail,오이,다다기계통(10개),서울,경동,2026,04/15,"8,660",2026-04-15,2026-04-15,8660.0,683
오이,retail,오이,다다기계통(10개),서울,복조리,2026,04/15,"6,940",2026-04-15,2026-04-15,6940.0,693
오이,retail,오이,다다기계통(10개),서울,B-유통,2026,04/15,"6,380",2026-04-15,2026-04-15,6380.0,703
오이,retail,오이,다다기계통(10개),서울,B`-유통,2026,04/15,"5,760",2026-04-15,2026-04-15,5760.0,713
오이,retail,오이,다다기계통(10개),서울,C-유통,2026,04/15,"8,900",2026-04-15,2026-04-15,8900.0,723
오이,retail,오이,다다기계통(10개),서울,E-유통,2026,04/15,"9,980",2026-04-15,2026-04-15,9980.0,733
오이,retail,오이,다다기계통(10개),서울,I-유통,2026,04/15,"7,960",2026-04-15,2026-04-15,7960.0,743
오이,retail,오이,다다기계통(10개),서울,L-유통,2026,04/15,"7,960",2026-04-15,2026-04-15,7960.0,753
오이,retail,오이,다다기계통(10개),부산,부전,2026,04/15,"8,160",2026-04-15,2026-04-15,8160.0,763
오이,retail,오이,다다기계통(10개),부산,D-유통,2026,04/15,"6,000",2026-04-15,2026-04-15,6000.0,773
오이,retail,오이,다다기계통(10개),부산,H-유통,2026,04/15,"6,780",2026-04-15,2026-04-15,6780.0,783
오이,retail,오이,다다기계통(10개),대구,칠성,2026,04/15,"7,410",2026-04-15,2026-04-15,7410.0,793
오이,retail,오이,다다기계통(10개),대구,E-유통,2026,04/15,"9,980",2026-04-15,2026-04-15,9980.0,803
오이,retail,오이,다다기계통(10개),인천,현대,2026,04/15,"8,110",2026-04-15,2026-04-15,8110.0,813
오이,retail,오이,다다기계통(10개),인천,E-유통,2026,04/15,"9,980",2026-04-15,2026-04-15,9980.0,823
오이,retail,오이,다다기계통(10개),광주,양동,2026,04/15,"6,110",2026-04-15,2026-04-15,6110.0,833
오이,retail,오이,다다기계통(10개),광주,E-유통,2026,04/15,"9,980",2026-04-15,2026-04-15,9980.0,843
오이,retail,오이,다다기계통(10개),대전,역전,2026,04/15,"6,750",2026-04-15,2026-04-15,6750.0,853
오이,retail,오이,다다기계통(10개),대전,E-유통,2026,04/15,"9,980",2026-04-15,2026-04-15,9980.0,863
오이,retail,오이,다다기계통(10개),울산,신정,2026,04/15,"6,940",2026-04-15,2026-04-15,6940.0,873
오이,retail,오이,다다기계통(10개),울산,B-유통,2026,04/15,"8,760",2026-04-15,2026-04-15,8760.0,883
오이,retail,오이,다다기계통(10개),세종,C-유통,2026,04/15,"9,960",2026-04-15,2026-04-15,9960.0,893
오이,retail,오이,다다기계통(10개),수원,지동,2026,04/15,"9,160",2026-04-15,2026-04-15,9160.0,903
오이,retail,오이,다다기계통(10개),수원,B-유통,2026,04/15,"6,600",2026-04-15,2026-04-15,6600.0,913
오이,retail,오이,다다기계통(10개),성남,B-유통,2026,04/15,"6,960",2026-04-15,2026-04-15,6960.0,923
오이,retail,오이,다다기계통(10개),고양,B-유통,2026,04/15,"8,260",2026-04-15,2026-04-15,8260.0,933
오이,retail,오이,다다기계통(10개),고양,J-유통,2026,04/15,"6,980",2026-04-15,2026-04-15,6980.0,943
오이,retail,오이,다다기계통(10개),용인,C-유통,2026,04/15,"6,900",2026-04-15,2026-04-15,6900.0,953
오이,retail,오이,다다기계통(10개),춘천,중앙,2026,04/15,"8,110",2026-04-15,2026-04-15,8110.0,963
오이,retail,오이,다다기계통(10개),청주,육거리,2026,04/15,"6,440",2026-04-15,2026-04-15,6440.0,973
오이,retail,오이,다다기계통(10개),청주,B-유통,2026,04/15,"6,560",2026-04-15,2026-04-15,6560.0,983
오이,retail,오이,다다기계통(10개),천안,C-유통,2026,04/15,"5,960",2026-04-15,2026-04-15,5960.0,993
오이,retail,오이,다다기계통(10개),전주,남부,2026,04/15,"6,770",2026-04-15,2026-04-15,6770.0,1003
오이,retail,오이,다다기계통(10개),전주,C-유통,2026,04/15,"5,960",2026-04-15,2026-04-15,5960.0,1013
오이,retail,오이,다다기계통(10개),포항,죽도,2026,04/15,"8,330",2026-04-15,2026-04-15,8330.0,1023
오이,retail,오이,다다기계통(10개),포항,E-유통,2026,04/15,"9,980",2026-04-15,2026-04-15,9980.0,1033
오이,retail,오이,다다기계통(10개),안동,C-유통,2026,04/15,"9,960",2026-04-15,2026-04-15,9960.0,1043
오이,retail,오이,다다기계통(10개),창원,상남,2026,04/15,"8,250",2026-04-15,2026-04-15,8250.0,1053
오이,retail,오이,다다기계통(10개),창원,C-유통,2026,04/15,"6,630",2026-04-15,2026-04-15,6630.0,1063
오이,retail,오이,다다기계통(10개),제주,동문,2026,04/15,"10,000",2026-04-15,2026-04-15,10000.0,1073
오이,retail,오이,다다기계통(10개),제주,E-유통,2026,04/15,"9,980",2026-04-15,2026-04-15,9980.0,1083
오이,retail,,,평균,,2026,04/16,"7,240",2026-04-16,2026-04-16,7240.0,664
오이,retail,,,평년,,2026,04/16,"8,599",2026-04-16,2026-04-16,8599.0,674
오이,retail,오이,다다기계통(10개),서울,경동,2026,04/16,"8,660",2026-04-16,2026-04-16,8660.0,684
오이,retail,오이,다다기계통(10개),서울,복조리,2026,04/16,"6,380",2026-04-16,2026-04-16,6380.0,694
오이,retail,오이,다다기계통(10개),서울,B-유통,2026,04/16,"5,980",2026-04-16,2026-04-16,5980.0,704
오이,retail,오이,다다기계통(10개),서울,B`-유통,2026,04/16,"5,760",2026-04-16,2026-04-16,5760.0,714
오이,retail,오이,다다기계통(10개),서울,C-유통,2026,04/16,"6,280",2026-04-16,2026-04-16,6280.0,724
오이,retail,오이,다다기계통(10개),서울,E-유통,2026,04/16,"7,980",2026-04-16,2026-04-16,7980.0,734
오이,retail,오이,다다기계통(10개),서울,I-유통,2026,04/16,"7,960",2026-04-16,2026-04-16,7960.0,744
오이,retail,오이,다다기계통(10개),서울,L-유통,2026,04/16,"7,960",2026-04-16,2026-04-16,7960.0,754
오이,retail,오이,다다기계통(10개),부산,부전,2026,04/16,"8,160",2026-04-16,2026-04-16,8160.0,764
오이,retail,오이,다다기계통(10개),부산,D-유통,2026,04/16,"5,800",2026-04-16,2026-04-16,5800.0,774
오이,retail,오이,다다기계통(10개),부산,H-유통,2026,04/16,"5,580",2026-04-16,2026-04-16,5580.0,784
오이,retail,오이,다다기계통(10개),대구,칠성,2026,04/16,"7,410",2026-04-16,2026-04-16,7410.0,794
오이,retail,오이,다다기계통(10개),대구,E-유통,2026,04/16,"7,980",2026-04-16,2026-04-16,7980.0,804
오이,retail,오이,다다기계통(10개),인천,현대,2026,04/16,"8,110",2026-04-16,2026-04-16,8110.0,814
오이,retail,오이,다다기계통(10개),인천,E-유통,2026,04/16,"7,980",2026-04-16,2026-04-16,7980.0,824
오이,retail,오이,다다기계통(10개),광주,양동,2026,04/16,"6,050",2026-04-16,2026-04-16,6050.0,834
오이,retail,오이,다다기계통(10개),광주,E-유통,2026,04/16,"7,980",2026-04-16,2026-04-16,7980.0,844
오이,retail,오이,다다기계통(10개),대전,역전,2026,04/16,"6,750",2026-04-16,2026-04-16,6750.0,854
오이,retail,오이,다다기계통(10개),대전,E-유통,2026,04/16,"7,980",2026-04-16,2026-04-16,7980.0,864
오이,retail,오이,다다기계통(10개),울산,신정,2026,04/16,"6,940",2026-04-16,2026-04-16,6940.0,874
오이,retail,오이,다다기계통(10개),울산,B-유통,2026,04/16,"8,760",2026-04-16,2026-04-16,8760.0,884
오이,retail,오이,다다기계통(10개),세종,C-유통,2026,04/16,"6,280",2026-04-16,2026-04-16,6280.0,894
오이,retail,오이,다다기계통(10개),수원,지동,2026,04/16,"8,750",2026-04-16,2026-04-16,8750.0,904
오이,retail,오이,다다기계통(10개),수원,B-유통,2026,04/16,"6,600",2026-04-16,2026-04-16,6600.0,914
오이,retail,오이,다다기계통(10개),성남,B-유통,2026,04/16,"6,560",2026-04-16,2026-04-16,6560.0,924
오이,retail,오이,다다기계통(10개),고양,B-유통,2026,04/16,"4,960",2026-04-16,2026-04-16,4960.0,934
오이,retail,오이,다다기계통(10개),고양,J-유통,2026,04/16,"6,980",2026-04-16,2026-04-16,6980.0,944
오이,retail,오이,다다기계통(10개),용인,C-유통,2026,04/16,"8,900",2026-04-16,2026-04-16,8900.0,954
오이,retail,오이,다다기계통(10개),춘천,중앙,2026,04/16,"8,110",2026-04-16,2026-04-16,8110.0,964
오이,retail,오이,다다기계통(10개),청주,육거리,2026,04/16,"6,440",2026-04-16,2026-04-16,6440.0,974
오이,retail,오이,다다기계통(10개),청주,B-유통,2026,04/16,"6,760",2026-04-16,2026-04-16,6760.0,984
오이,retail,오이,다다기계통(10개),천안,C-유통,2026,04/16,"6,280",2026-04-16,2026-04-16,6280.0,994
오이,retail,오이,다다기계통(10개),전주,남부,2026,04/16,"6,770",2026-04-16,2026-04-16,6770.0,1004
오이,retail,오이,다다기계통(10개),전주,C-유통,2026,04/16,"6,280",2026-04-16,2026-04-16,6280.0,1014
오이,retail,오이,다다기계통(10개),포항,죽도,2026,04/16,"8,330",2026-04-16,2026-04-16,8330.0,1024
오이,retail,오이,다다기계통(10개),포항,E-유통,2026,04/16,"7,980",2026-04-16,2026-04-16,7980.0,1034
오이,retail,오이,다다기계통(10개),안동,C-유통,2026,04/16,"6,280",2026-04-16,2026-04-16,6280.0,1044
오이,retail,오이,다다기계통(10개),창원,상남,2026,04/16,"7,870",2026-04-16,2026-04-16,7870.0,1054
오이,retail,오이,다다기계통(10개),창원,C-유통,2026,04/16,"6,280",2026-04-16,2026-04-16,6280.0,1064
오이,retail,오이,다다기계통(10개),제주,동문,2026,04/16,"10,000",2026-04-16,2026-04-16,10000.0,1074
오이,retail,오이,다다기계통(10개),제주,E-유통,2026,04/16,"7,980",2026-04-16,2026-04-16,7980.0,1084
오이,retail,,,평균,,2026,04/17,"7,110",2026-04-17,2026-04-17,7110.0,665
오이,retail,,,평년,,2026,04/17,"8,461",2026-04-17,2026-04-17,8461.0,675
오이,retail,오이,다다기계통(10개),서울,경동,2026,04/17,"8,660",2026-04-17,2026-04-17,8660.0,685
오이,retail,오이,다다기계통(10개),서울,복조리,2026,04/17,"6,380",2026-04-17,2026-04-17,6380.0,695
오이,retail,오이,다다기계통(10개),서울,B-유통,2026,04/17,"5,980",2026-04-17,2026-04-17,5980.0,705
오이,retail,오이,다다기계통(10개),서울,B`-유통,2026,04/17,"5,760",2026-04-17,2026-04-17,5760.0,715
오이,retail,오이,다다기계통(10개),서울,C-유통,2026,04/17,"6,280",2026-04-17,2026-04-17,6280.0,725
오이,retail,오이,다다기계통(10개),서울,E-유통,2026,04/17,"7,980",2026-04-17,2026-04-17,7980.0,735
오이,retail,오이,다다기계통(10개),서울,I-유통,2026,04/17,"7,960",2026-04-17,2026-04-17,7960.0,745
오이,retail,오이,다다기계통(10개),서울,L-유통,2026,04/17,"7,960",2026-04-17,2026-04-17,7960.0,755
오이,retail,오이,다다기계통(10개),부산,부전,2026,04/17,"7,830",2026-04-17,2026-04-17,7830.0,765
오이,retail,오이,다다기계통(10개),부산,D-유통,2026,04/17,"5,800",2026-04-17,2026-04-17,5800.0,775
오이,retail,오이,다다기계통(10개),부산,H-유통,2026,04/17,"6,960",2026-04-17,2026-04-17,6960.0,785
오이,retail,오이,다다기계통(10개),대구,칠성,2026,04/17,"7,410",2026-04-17,2026-04-17,7410.0,795
오이,retail,오이,다다기계통(10개),대구,E-유통,2026,04/17,"7,980",2026-04-17,2026-04-17,7980.0,805
오이,retail,오이,다다기계통(10개),인천,현대,2026,04/17,"9,330",2026-04-17,2026-04-17,9330.0,815
오이,retail,오이,다다기계통(10개),인천,E-유통,2026,04/17,"7,980",2026-04-17,2026-04-17,7980.0,825
오이,retail,오이,다다기계통(10개),광주,양동,2026,04/17,"5,750",2026-04-17,2026-04-17,5750.0,835
오이,retail,오이,다다기계통(10개),광주,E-유통,2026,04/17,"7,980",2026-04-17,2026-04-17,7980.0,845
오이,retail,오이,다다기계통(10개),대전,역전,2026,04/17,"6,450",2026-04-17,2026-04-17,6450.0,855
오이,retail,오이,다다기계통(10개),대전,E-유통,2026,04/17,"7,980",2026-04-17,2026-04-17,7980.0,865
오이,retail,오이,다다기계통(10개),울산,신정,2026,04/17,"6,940",2026-04-17,2026-04-17,6940.0,875
오이,retail,오이,다다기계통(10개),울산,B-유통,2026,04/17,"5,960",2026-04-17,2026-04-17,5960.0,885
오이,retail,오이,다다기계통(10개),세종,C-유통,2026,04/17,"6,280",2026-04-17,2026-04-17,6280.0,895
오이,retail,오이,다다기계통(10개),수원,지동,2026,04/17,"7,080",2026-04-17,2026-04-17,7080.0,905
오이,retail,오이,다다기계통(10개),수원,B-유통,2026,04/17,"6,600",2026-04-17,2026-04-17,6600.0,915
오이,retail,오이,다다기계통(10개),성남,B-유통,2026,04/17,"6,960",2026-04-17,2026-04-17,6960.0,925
오이,retail,오이,다다기계통(10개),고양,B-유통,2026,04/17,"4,960",2026-04-17,2026-04-17,4960.0,935
오이,retail,오이,다다기계통(10개),고양,J-유통,2026,04/17,"6,980",2026-04-17,2026-04-17,6980.0,945
오이,retail,오이,다다기계통(10개),용인,C-유통,2026,04/17,"6,280",2026-04-17,2026-04-17,6280.0,955
오이,retail,오이,다다기계통(10개),춘천,중앙,2026,04/17,"8,110",2026-04-17,2026-04-17,8110.0,965
오이,retail,오이,다다기계통(10개),청주,육거리,2026,04/17,"6,520",2026-04-17,2026-04-17,6520.0,975
오이,retail,오이,다다기계통(10개),청주,B-유통,2026,04/17,"6,760",2026-04-17,2026-04-17,6760.0,985
오이,retail,오이,다다기계통(10개),천안,C-유통,2026,04/17,"6,280",2026-04-17,2026-04-17,6280.0,995
오이,retail,오이,다다기계통(10개),전주,남부,2026,04/17,"6,770",2026-04-17,2026-04-17,6770.0,1005
오이,retail,오이,다다기계통(10개),전주,C-유통,2026,04/17,"6,280",2026-04-17,2026-04-17,6280.0,1015
오이,retail,오이,다다기계통(10개),포항,죽도,2026,04/17,"8,330",2026-04-17,2026-04-17,8330.0,1025
오이,retail,오이,다다기계통(10개),포항,E-유통,2026,04/17,"7,980",2026-04-17,2026-04-17,7980.0,1035
오이,retail,오이,다다기계통(10개),안동,C-유통,2026,04/17,"6,280",2026-04-17,2026-04-17,6280.0,1045
오이,retail,오이,다다기계통(10개),창원,상남,2026,04/17,"7,500",2026-04-17,2026-04-17,7500.0,1055
오이,retail,오이,다다기계통(10개),창원,C-유통,2026,04/17,"6,280",2026-04-17,2026-04-17,6280.0,1065
오이,retail,오이,다다기계통(10개),제주,동문,2026,04/17,"10,000",2026-04-17,2026-04-17,10000.0,1075
오이,retail,오이,다다기계통(10개),제주,E-유통,2026,04/17,"7,980",2026-04-17,2026-04-17,7980.0,1085
오이,retail,,,평균,,2026,04/20,"7,157",2026-04-20,2026-04-20,7157.0,666
오이,retail,,,평년,,2026,04/20,"7,914",2026-04-20,2026-04-20,7914.0,676
오이,retail,오이,다다기계통(10개),서울,경동,2026,04/20,"8,660",2026-04-20,2026-04-20,8660.0,686
오이,retail,오이,다다기계통(10개),서울,복조리,2026,04/20,"6,380",2026-04-20,2026-04-20,6380.0,696
오이,retail,오이,다다기계통(10개),서울,B-유통,2026,04/20,"5,980",2026-04-20,2026-04-20,5980.0,706
오이,retail,오이,다다기계통(10개),서울,B`-유통,2026,04/20,"5,960",2026-04-20,2026-04-20,5960.0,716
오이,retail,오이,다다기계통(10개),서울,C-유통,2026,04/20,"6,280",2026-04-20,2026-04-20,6280.0,726
오이,retail,오이,다다기계통(10개),서울,E-유통,2026,04/20,"7,980",2026-04-20,2026-04-20,7980.0,736
오이,retail,오이,다다기계통(10개),서울,I-유통,2026,04/20,"7,960",2026-04-20,2026-04-20,7960.0,746
오이,retail,오이,다다기계통(10개),서울,L-유통,2026,04/20,"7,960",2026-04-20,2026-04-20,7960.0,756
오이,retail,오이,다다기계통(10개),부산,부전,2026,04/20,"7,660",2026-04-20,2026-04-20,7660.0,766
오이,retail,오이,다다기계통(10개),부산,D-유통,2026,04/20,"5,800",2026-04-20,2026-04-20,5800.0,776
오이,retail,오이,다다기계통(10개),부산,H-유통,2026,04/20,"6,960",2026-04-20,2026-04-20,6960.0,786
오이,retail,오이,다다기계통(10개),대구,칠성,2026,04/20,"7,410",2026-04-20,2026-04-20,7410.0,796
오이,retail,오이,다다기계통(10개),대구,E-유통,2026,04/20,"7,980",2026-04-20,2026-04-20,7980.0,806
오이,retail,오이,다다기계통(10개),인천,현대,2026,04/20,"10,000",2026-04-20,2026-04-20,10000.0,816
오이,retail,오이,다다기계통(10개),인천,E-유통,2026,04/20,"7,980",2026-04-20,2026-04-20,7980.0,826
오이,retail,오이,다다기계통(10개),광주,양동,2026,04/20,"5,750",2026-04-20,2026-04-20,5750.0,836
오이,retail,오이,다다기계통(10개),광주,E-유통,2026,04/20,"7,980",2026-04-20,2026-04-20,7980.0,846
오이,retail,오이,다다기계통(10개),대전,역전,2026,04/20,"5,910",2026-04-20,2026-04-20,5910.0,856
오이,retail,오이,다다기계통(10개),대전,E-유통,2026,04/20,"7,980",2026-04-20,2026-04-20,7980.0,866
오이,retail,오이,다다기계통(10개),울산,신정,2026,04/20,"6,940",2026-04-20,2026-04-20,6940.0,876
오이,retail,오이,다다기계통(10개),울산,B-유통,2026,04/20,"7,560",2026-04-20,2026-04-20,7560.0,886
오이,retail,오이,다다기계통(10개),세종,C-유통,2026,04/20,"6,280",2026-04-20,2026-04-20,6280.0,896
오이,retail,오이,다다기계통(10개),수원,지동,2026,04/20,"7,220",2026-04-20,2026-04-20,7220.0,906
오이,retail,오이,다다기계통(10개),수원,B-유통,2026,04/20,"6,600",2026-04-20,2026-04-20,6600.0,916
오이,retail,오이,다다기계통(10개),성남,B-유통,2026,04/20,"6,960",2026-04-20,2026-04-20,6960.0,926
오이,retail,오이,다다기계통(10개),고양,B-유통,2026,04/20,"4,960",2026-04-20,2026-04-20,4960.0,936
오이,retail,오이,다다기계통(10개),고양,J-유통,2026,04/20,"6,980",2026-04-20,2026-04-20,6980.0,946
오이,retail,오이,다다기계통(10개),용인,C-유통,2026,04/20,"6,280",2026-04-20,2026-04-20,6280.0,956
오이,retail,오이,다다기계통(10개),춘천,중앙,2026,04/20,"8,110",2026-04-20,2026-04-20,8110.0,966
오이,retail,오이,다다기계통(10개),청주,육거리,2026,04/20,"6,520",2026-04-20,2026-04-20,6520.0,976
오이,retail,오이,다다기계통(10개),청주,B-유통,2026,04/20,"6,760",2026-04-20,2026-04-20,6760.0,986
오이,retail,오이,다다기계통(10개),천안,C-유통,2026,04/20,"6,280",2026-04-20,2026-04-20,6280.0,996
오이,retail,오이,다다기계통(10개),전주,남부,2026,04/20,"6,770",2026-04-20,2026-04-20,6770.0,1006
오이,retail,오이,다다기계통(10개),전주,C-유통,2026,04/20,"6,280",2026-04-20,2026-04-20,6280.0,1016
오이,retail,오이,다다기계통(10개),포항,죽도,2026,04/20,"8,330",2026-04-20,2026-04-20,8330.0,1026
오이,retail,오이,다다기계통(10개),포항,E-유통,2026,04/20,"7,980",2026-04-20,2026-04-20,7980.0,1036
오이,retail,오이,다다기계통(10개),안동,C-유통,2026,04/20,"6,280",2026-04-20,2026-04-20,6280.0,1046
오이,retail,오이,다다기계통(10개),창원,상남,2026,04/20,"7,500",2026-04-20,2026-04-20,7500.0,1056
오이,retail,오이,다다기계통(10개),창원,C-유통,2026,04/20,"6,280",2026-04-20,2026-04-20,6280.0,1066
오이,retail,오이,다다기계통(10개),제주,동문,2026,04/20,"10,000",2026-04-20,2026-04-20,10000.0,1076
오이,retail,오이,다다기계통(10개),제주,E-유통,2026,04/20,"7,980",2026-04-20,2026-04-20,7980.0,1086
오이,retail,,,평균,,2026,04/21,"7,044",2026-04-21,2026-04-21,7044.0,667
오이,retail,,,평년,,2026,04/21,"7,875",2026-04-21,2026-04-21,7875.0,677
오이,retail,오이,다다기계통(10개),서울,경동,2026,04/21,"6,550",2026-04-21,2026-04-21,6550.0,687
오이,retail,오이,다다기계통(10개),서울,복조리,2026,04/21,"6,380",2026-04-21,2026-04-21,6380.0,697
오이,retail,오이,다다기계통(10개),서울,B-유통,2026,04/21,"5,980",2026-04-21,2026-04-21,5980.0,707
오이,retail,오이,다다기계통(10개),서울,B`-유통,2026,04/21,"5,960",2026-04-21,2026-04-21,5960.0,717
오이,retail,오이,다다기계통(10개),서울,C-유통,2026,04/21,"4,710",2026-04-21,2026-04-21,4710.0,727
오이,retail,오이,다다기계통(10개),서울,E-유통,2026,04/21,"7,980",2026-04-21,2026-04-21,7980.0,737
오이,retail,오이,다다기계통(10개),서울,I-유통,2026,04/21,"7,960",2026-04-21,2026-04-21,7960.0,747
오이,retail,오이,다다기계통(10개),서울,L-유통,2026,04/21,"7,960",2026-04-21,2026-04-21,7960.0,757
오이,retail,오이,다다기계통(10개),부산,부전,2026,04/21,"7,160",2026-04-21,2026-04-21,7160.0,767
오이,retail,오이,다다기계통(10개),부산,D-유통,2026,04/21,"7,250",2026-04-21,2026-04-21,7250.0,777
오이,retail,오이,다다기계통(10개),부산,H-유통,2026,04/21,"7,960",2026-04-21,2026-04-21,7960.0,787
오이,retail,오이,다다기계통(10개),대구,칠성,2026,04/21,"7,410",2026-04-21,2026-04-21,7410.0,797
오이,retail,오이,다다기계통(10개),대구,E-유통,2026,04/21,"7,980",2026-04-21,2026-04-21,7980.0,807
오이,retail,오이,다다기계통(10개),인천,현대,2026,04/21,"10,000",2026-04-21,2026-04-21,10000.0,817
오이,retail,오이,다다기계통(10개),인천,E-유통,2026,04/21,"7,980",2026-04-21,2026-04-21,7980.0,827
오이,retail,오이,다다기계통(10개),광주,양동,2026,04/21,"5,750",2026-04-21,2026-04-21,5750.0,837
오이,retail,오이,다다기계통(10개),광주,E-유통,2026,04/21,"7,980",2026-04-21,2026-04-21,7980.0,847
오이,retail,오이,다다기계통(10개),대전,역전,2026,04/21,"5,660",2026-04-21,2026-04-21,5660.0,857
오이,retail,오이,다다기계통(10개),대전,E-유통,2026,04/21,"7,980",2026-04-21,2026-04-21,7980.0,867
오이,retail,오이,다다기계통(10개),울산,신정,2026,04/21,"6,770",2026-04-21,2026-04-21,6770.0,877
오이,retail,오이,다다기계통(10개),울산,B-유통,2026,04/21,"7,560",2026-04-21,2026-04-21,7560.0,887
오이,retail,오이,다다기계통(10개),세종,C-유통,2026,04/21,"6,280",2026-04-21,2026-04-21,6280.0,897
오이,retail,오이,다다기계통(10개),수원,지동,2026,04/21,"7,220",2026-04-21,2026-04-21,7220.0,907
오이,retail,오이,다다기계통(10개),수원,B-유통,2026,04/21,"6,600",2026-04-21,2026-04-21,6600.0,917
오이,retail,오이,다다기계통(10개),성남,B-유통,2026,04/21,"5,960",2026-04-21,2026-04-21,5960.0,927
오이,retail,오이,다다기계통(10개),고양,B-유통,2026,04/21,"4,960",2026-04-21,2026-04-21,4960.0,937
오이,retail,오이,다다기계통(10개),고양,J-유통,2026,04/21,"5,980",2026-04-21,2026-04-21,5980.0,947
오이,retail,오이,다다기계통(10개),용인,C-유통,2026,04/21,"5,570",2026-04-21,2026-04-21,5570.0,957
오이,retail,오이,다다기계통(10개),춘천,중앙,2026,04/21,"8,110",2026-04-21,2026-04-21,8110.0,967
오이,retail,오이,다다기계통(10개),청주,육거리,2026,04/21,"6,520",2026-04-21,2026-04-21,6520.0,977
오이,retail,오이,다다기계통(10개),청주,B-유통,2026,04/21,"6,760",2026-04-21,2026-04-21,6760.0,987
오이,retail,오이,다다기계통(10개),천안,C-유통,2026,04/21,"6,280",2026-04-21,2026-04-21,6280.0,997
오이,retail,오이,다다기계통(10개),전주,남부,2026,04/21,"6,660",2026-04-21,2026-04-21,6660.0,1007
오이,retail,오이,다다기계통(10개),전주,C-유통,2026,04/21,"6,280",2026-04-21,2026-04-21,6280.0,1017
오이,retail,오이,다다기계통(10개),포항,죽도,2026,04/21,"8,330",2026-04-21,2026-04-21,8330.0,1027
오이,retail,오이,다다기계통(10개),포항,E-유통,2026,04/21,"7,980",2026-04-21,2026-04-21,7980.0,1037
오이,retail,오이,다다기계통(10개),안동,C-유통,2026,04/21,"6,280",2026-04-21,2026-04-21,6280.0,1047
오이,retail,오이,다다기계통(10개),창원,상남,2026,04/21,"7,870",2026-04-21,2026-04-21,7870.0,1057
오이,retail,오이,다다기계통(10개),창원,C-유통,2026,04/21,"6,280",2026-04-21,2026-04-21,6280.0,1067
오이,retail,오이,다다기계통(10개),제주,동문,2026,04/21,"10,000",2026-04-21,2026-04-21,10000.0,1077
오이,retail,오이,다다기계통(10개),제주,E-유통,2026,04/21,"7,980",2026-04-21,2026-04-21,7980.0,1087
오이,retail,,,평균,,2026,04/22,"7,025",2026-04-22,2026-04-22,7025.0,668
오이,retail,,,평년,,2026,04/22,"7,809",2026-04-22,2026-04-22,7809.0,678
오이,retail,오이,다다기계통(10개),서울,경동,2026,04/22,"6,550",2026-04-22,2026-04-22,6550.0,688
오이,retail,오이,다다기계통(10개),서울,복조리,2026,04/22,"6,110",2026-04-22,2026-04-22,6110.0,698
오이,retail,오이,다다기계통(10개),서울,B-유통,2026,04/22,"5,980",2026-04-22,2026-04-22,5980.0,708
오이,retail,오이,다다기계통(10개),서울,B`-유통,2026,04/22,"5,960",2026-04-22,2026-04-22,5960.0,718
오이,retail,오이,다다기계통(10개),서울,C-유통,2026,04/22,"4,710",2026-04-22,2026-04-22,4710.0,728
오이,retail,오이,다다기계통(10개),서울,E-유통,2026,04/22,"7,980",2026-04-22,2026-04-22,7980.0,738
오이,retail,오이,다다기계통(10개),서울,I-유통,2026,04/22,"9,930",2026-04-22,2026-04-22,9930.0,748
오이,retail,오이,다다기계통(10개),서울,L-유통,2026,04/22,"7,960",2026-04-22,2026-04-22,7960.0,758
오이,retail,오이,다다기계통(10개),부산,부전,2026,04/22,"6,830",2026-04-22,2026-04-22,6830.0,768
오이,retail,오이,다다기계통(10개),부산,D-유통,2026,04/22,"7,250",2026-04-22,2026-04-22,7250.0,778
오이,retail,오이,다다기계통(10개),부산,H-유통,2026,04/22,"7,960",2026-04-22,2026-04-22,7960.0,788
오이,retail,오이,다다기계통(10개),대구,칠성,2026,04/22,"7,410",2026-04-22,2026-04-22,7410.0,798
오이,retail,오이,다다기계통(10개),대구,E-유통,2026,04/22,"7,980",2026-04-22,2026-04-22,7980.0,808
오이,retail,오이,다다기계통(10개),인천,현대,2026,04/22,"9,000",2026-04-22,2026-04-22,9000.0,818
오이,retail,오이,다다기계통(10개),인천,E-유통,2026,04/22,"7,980",2026-04-22,2026-04-22,7980.0,828
오이,retail,오이,다다기계통(10개),광주,양동,2026,04/22,"6,520",2026-04-22,2026-04-22,6520.0,838
오이,retail,오이,다다기계통(10개),광주,E-유통,2026,04/22,"7,980",2026-04-22,2026-04-22,7980.0,848
오이,retail,오이,다다기계통(10개),대전,역전,2026,04/22,"5,250",2026-04-22,2026-04-22,5250.0,858
오이,retail,오이,다다기계통(10개),대전,E-유통,2026,04/22,"7,980",2026-04-22,2026-04-22,7980.0,868
오이,retail,오이,다다기계통(10개),울산,신정,2026,04/22,"6,770",2026-04-22,2026-04-22,6770.0,878
오이,retail,오이,다다기계통(10개),울산,B-유통,2026,04/22,"7,560",2026-04-22,2026-04-22,7560.0,888
오이,retail,오이,다다기계통(10개),세종,C-유통,2026,04/22,"6,280",2026-04-22,2026-04-22,6280.0,898
오이,retail,오이,다다기계통(10개),수원,지동,2026,04/22,"7,220",2026-04-22,2026-04-22,7220.0,908
오이,retail,오이,다다기계통(10개),수원,B-유통,2026,04/22,"6,600",2026-04-22,2026-04-22,6600.0,918
오이,retail,오이,다다기계통(10개),성남,B-유통,2026,04/22,"5,560",2026-04-22,2026-04-22,5560.0,928
오이,retail,오이,다다기계통(10개),고양,B-유통,2026,04/22,"4,960",2026-04-22,2026-04-22,4960.0,938
오이,retail,오이,다다기계통(10개),고양,J-유통,2026,04/22,"5,980",2026-04-22,2026-04-22,5980.0,948
오이,retail,오이,다다기계통(10개),용인,C-유통,2026,04/22,"6,000",2026-04-22,2026-04-22,6000.0,958
오이,retail,오이,다다기계통(10개),춘천,중앙,2026,04/22,"7,770",2026-04-22,2026-04-22,7770.0,968
오이,retail,오이,다다기계통(10개),청주,육거리,2026,04/22,"6,520",2026-04-22,2026-04-22,6520.0,978
오이,retail,오이,다다기계통(10개),청주,B-유통,2026,04/22,"6,760",2026-04-22,2026-04-22,6760.0,988
오이,retail,오이,다다기계통(10개),천안,C-유통,2026,04/22,"6,280",2026-04-22,2026-04-22,6280.0,998
오이,retail,오이,다다기계통(10개),전주,남부,2026,04/22,"6,110",2026-04-22,2026-04-22,6110.0,1008
오이,retail,오이,다다기계통(10개),전주,C-유통,2026,04/22,"6,280",2026-04-22,2026-04-22,6280.0,1018
오이,retail,오이,다다기계통(10개),포항,죽도,2026,04/22,"8,330",2026-04-22,2026-04-22,8330.0,1028
오이,retail,오이,다다기계통(10개),포항,E-유통,2026,04/22,"7,980",2026-04-22,2026-04-22,7980.0,1038
오이,retail,오이,다다기계통(10개),안동,C-유통,2026,04/22,"6,280",2026-04-22,2026-04-22,6280.0,1048
오이,retail,오이,다다기계통(10개),창원,상남,2026,04/22,"7,870",2026-04-22,2026-04-22,7870.0,1058
오이,retail,오이,다다기계통(10개),창원,C-유통,2026,04/22,"6,280",2026-04-22,2026-04-22,6280.0,1068
오이,retail,오이,다다기계통(10개),제주,동문,2026,04/22,"9,330",2026-04-22,2026-04-22,9330.0,1078
오이,retail,오이,다다기계통(10개),제주,E-유통,2026,04/22,"7,980",2026-04-22,2026-04-22,7980.0,1088
오이,retail,,,평균,,2026,04/23,"6,957",2026-04-23,2026-04-23,6957.0,669
오이,retail,,,평년,,2026,04/23,"7,686",2026-04-23,2026-04-23,7686.0,679
오이,retail,오이,다다기계통(10개),서울,경동,2026,04/23,"6,550",2026-04-23,2026-04-23,6550.0,689
오이,retail,오이,다다기계통(10개),서울,복조리,2026,04/23,"5,550",2026-04-23,2026-04-23,5550.0,699
오이,retail,오이,다다기계통(10개),서울,B-유통,2026,04/23,"5,180",2026-04-23,2026-04-23,5180.0,709
오이,retail,오이,다다기계통(10개),서울,B`-유통,2026,04/23,"4,960",2026-04-23,2026-04-23,4960.0,719
오이,retail,오이,다다기계통(10개),서울,C-유통,2026,04/23,"5,900",2026-04-23,2026-04-23,5900.0,729
오이,retail,오이,다다기계통(10개),서울,E-유통,2026,04/23,"7,980",2026-04-23,2026-04-23,7980.0,739
오이,retail,오이,다다기계통(10개),서울,I-유통,2026,04/23,"9,930",2026-04-23,2026-04-23,9930.0,749
오이,retail,오이,다다기계통(10개),서울,L-유통,2026,04/23,"7,960",2026-04-23,2026-04-23,7960.0,759
오이,retail,오이,다다기계통(10개),부산,부전,2026,04/23,"6,830",2026-04-23,2026-04-23,6830.0,769
오이,retail,오이,다다기계통(10개),부산,D-유통,2026,04/23,"5,800",2026-04-23,2026-04-23,5800.0,779
오이,retail,오이,다다기계통(10개),부산,H-유통,2026,04/23,"7,960",2026-04-23,2026-04-23,7960.0,789
오이,retail,오이,다다기계통(10개),대구,칠성,2026,04/23,"7,410",2026-04-23,2026-04-23,7410.0,799
오이,retail,오이,다다기계통(10개),대구,E-유통,2026,04/23,"7,980",2026-04-23,2026-04-23,7980.0,809
오이,retail,오이,다다기계통(10개),인천,현대,2026,04/23,"7,880",2026-04-23,2026-04-23,7880.0,819
오이,retail,오이,다다기계통(10개),인천,E-유통,2026,04/23,"7,980",2026-04-23,2026-04-23,7980.0,829
오이,retail,오이,다다기계통(10개),광주,양동,2026,04/23,"7,110",2026-04-23,2026-04-23,7110.0,839
오이,retail,오이,다다기계통(10개),광주,E-유통,2026,04/23,"7,980",2026-04-23,2026-04-23,7980.0,849
오이,retail,오이,다다기계통(10개),대전,역전,2026,04/23,"5,250",2026-04-23,2026-04-23,5250.0,859
오이,retail,오이,다다기계통(10개),대전,E-유통,2026,04/23,"7,980",2026-04-23,2026-04-23,7980.0,869
오이,retail,오이,다다기계통(10개),울산,신정,2026,04/23,"6,770",2026-04-23,2026-04-23,6770.0,879
오이,retail,오이,다다기계통(10개),울산,B-유통,2026,04/23,"7,560",2026-04-23,2026-04-23,7560.0,889
오이,retail,오이,다다기계통(10개),세종,C-유통,2026,04/23,"7,120",2026-04-23,2026-04-23,7120.0,899
오이,retail,오이,다다기계통(10개),수원,지동,2026,04/23,"7,220",2026-04-23,2026-04-23,7220.0,909
오이,retail,오이,다다기계통(10개),수원,B-유통,2026,04/23,"5,960",2026-04-23,2026-04-23,5960.0,919
오이,retail,오이,다다기계통(10개),성남,B-유통,2026,04/23,"5,160",2026-04-23,2026-04-23,5160.0,929
오이,retail,오이,다다기계통(10개),고양,B-유통,2026,04/23,"4,960",2026-04-23,2026-04-23,4960.0,939
오이,retail,오이,다다기계통(10개),고양,J-유통,2026,04/23,"5,980",2026-04-23,2026-04-23,5980.0,949
오이,retail,오이,다다기계통(10개),용인,C-유통,2026,04/23,"4,990",2026-04-23,2026-04-23,4990.0,959
오이,retail,오이,다다기계통(10개),춘천,중앙,2026,04/23,"7,770",2026-04-23,2026-04-23,7770.0,969
오이,retail,오이,다다기계통(10개),청주,육거리,2026,04/23,"6,520",2026-04-23,2026-04-23,6520.0,979
오이,retail,오이,다다기계통(10개),청주,B-유통,2026,04/23,"4,980",2026-04-23,2026-04-23,4980.0,989
오이,retail,오이,다다기계통(10개),천안,C-유통,2026,04/23,"7,120",2026-04-23,2026-04-23,7120.0,999
오이,retail,오이,다다기계통(10개),전주,남부,2026,04/23,"6,110",2026-04-23,2026-04-23,6110.0,1009
오이,retail,오이,다다기계통(10개),전주,C-유통,2026,04/23,"7,120",2026-04-23,2026-04-23,7120.0,1019
오이,retail,오이,다다기계통(10개),포항,죽도,2026,04/23,"8,330",2026-04-23,2026-04-23,8330.0,1029
오이,retail,오이,다다기계통(10개),포항,E-유통,2026,04/23,"7,980",2026-04-23,2026-04-23,7980.0,1039
오이,retail,오이,다다기계통(10개),안동,C-유통,2026,04/23,"7,120",2026-04-23,2026-04-23,7120.0,1049
오이,retail,오이,다다기계통(10개),창원,상남,2026,04/23,"7,870",2026-04-23,2026-04-23,7870.0,1059
오이,retail,오이,다다기계통(10개),창원,C-유통,2026,04/23,"7,120",2026-04-23,2026-04-23,7120.0,1069
오이,retail,오이,다다기계통(10개),제주,동문,2026,04/23,"9,330",2026-04-23,2026-04-23,9330.0,1079
오이,retail,오이,다다기계통(10개),제주,E-유통,2026,04/23,"7,980",2026-04-23,2026-04-23,7980.0,1089
오이,wholesale,,,평균,,2026,04/10,"46,020",2026-04-10,2026-04-10,46020.0,590
오이,wholesale,,,평년,,2026,04/10,"56,669",2026-04-10,2026-04-10,56669.0,600
오이,wholesale,오이,다다기계통(100개),서울,가락도매,2026,04/10,"41,200",2026-04-10,2026-04-10,41200.0,610
오이,wholesale,오이,다다기계통(100개),부산,엄궁도매,2026,04/10,"47,000",2026-04-10,2026-04-10,47000.0,620
오이,wholesale,오이,다다기계통(100개),대구,북부도매,2026,04/10,"49,300",2026-04-10,2026-04-10,49300.0,630
오이,wholesale,오이,다다기계통(100개),광주,서부도매,2026,04/10,"44,000",2026-04-10,2026-04-10,44000.0,640
오이,wholesale,오이,다다기계통(100개),대전,오정도매,2026,04/10,"48,600",2026-04-10,2026-04-10,48600.0,650
오이,wholesale,,,평균,,2026,04/13,"50,440",2026-04-13,2026-04-13,50440.0,591
오이,wholesale,,,평년,,2026,04/13,"51,759",2026-04-13,2026-04-13,51759.0,601
오이,wholesale,오이,다다기계통(100개),서울,가락도매,2026,04/13,"50,700",2026-04-13,2026-04-13,50700.0,611
오이,wholesale,오이,다다기계통(100개),부산,엄궁도매,2026,04/13,"50,000",2026-04-13,2026-04-13,50000.0,621
오이,wholesale,오이,다다기계통(100개),대구,북부도매,2026,04/13,"51,300",2026-04-13,2026-04-13,51300.0,631
오이,wholesale,오이,다다기계통(100개),광주,서부도매,2026,04/13,"48,600",2026-04-13,2026-04-13,48600.0,641
오이,wholesale,오이,다다기계통(100개),대전,오정도매,2026,04/13,"51,600",2026-04-13,2026-04-13,51600.0,651
오이,wholesale,,,평균,,2026,04/14,"50,180",2026-04-14,2026-04-14,50180.0,592
오이,wholesale,,,평년,,2026,04/14,"51,071",2026-04-14,2026-04-14,51071.0,602
오이,wholesale,오이,다다기계통(100개),서울,가락도매,2026,04/14,"50,700",2026-04-14,2026-04-14,50700.0,612
오이,wholesale,오이,다다기계통(100개),부산,엄궁도매,2026,04/14,"50,000",2026-04-14,2026-04-14,50000.0,622
오이,wholesale,오이,다다기계통(100개),대구,북부도매,2026,04/14,"50,000",2026-04-14,2026-04-14,50000.0,632
오이,wholesale,오이,다다기계통(100개),광주,서부도매,2026,04/14,"48,600",2026-04-14,2026-04-14,48600.0,642
오이,wholesale,오이,다다기계통(100개),대전,오정도매,2026,04/14,"51,600",2026-04-14,2026-04-14,51600.0,652
오이,wholesale,,,평균,,2026,04/15,"49,140",2026-04-15,2026-04-15,49140.0,593
오이,wholesale,,,평년,,2026,04/15,"49,629",2026-04-15,2026-04-15,49629.0,603
오이,wholesale,오이,다다기계통(100개),서울,가락도매,2026,04/15,"48,500",2026-04-15,2026-04-15,48500.0,613
오이,wholesale,오이,다다기계통(100개),부산,엄궁도매,2026,04/15,"50,000",2026-04-15,2026-04-15,50000.0,623
오이,wholesale,오이,다다기계통(100개),대구,북부도매,2026,04/15,"50,600",2026-04-15,2026-04-15,50600.0,633
오이,wholesale,오이,다다기계통(100개),광주,서부도매,2026,04/15,"46,000",2026-04-15,2026-04-15,46000.0,643
오이,wholesale,오이,다다기계통(100개),대전,오정도매,2026,04/15,"50,600",2026-04-15,2026-04-15,50600.0,653
오이,wholesale,,,평균,,2026,04/16,"50,160",2026-04-16,2026-04-16,50160.0,594
오이,wholesale,,,평년,,2026,04/16,"48,034",2026-04-16,2026-04-16,48034.0,604
오이,wholesale,오이,다다기계통(100개),서울,가락도매,2026,04/16,"48,500",2026-04-16,2026-04-16,48500.0,614
오이,wholesale,오이,다다기계통(100개),부산,엄궁도매,2026,04/16,"52,000",2026-04-16,2026-04-16,52000.0,624
오이,wholesale,오이,다다기계통(100개),대구,북부도매,2026,04/16,"51,300",2026-04-16,2026-04-16,51300.0,634
오이,wholesale,오이,다다기계통(100개),광주,서부도매,2026,04/16,"46,000",2026-04-16,2026-04-16,46000.0,644
오이,wholesale,오이,다다기계통(100개),대전,오정도매,2026,04/16,"53,000",2026-04-16,2026-04-16,53000.0,654
오이,wholesale,,,평균,,2026,04/17,"50,200",2026-04-17,2026-04-17,50200.0,595
오이,wholesale,,,평년,,2026,04/17,"46,650",2026-04-17,2026-04-17,46650.0,605
오이,wholesale,오이,다다기계통(100개),서울,가락도매,2026,04/17,"48,500",2026-04-17,2026-04-17,48500.0,615
오이,wholesale,오이,다다기계통(100개),부산,엄궁도매,2026,04/17,"49,000",2026-04-17,2026-04-17,49000.0,625
오이,wholesale,오이,다다기계통(100개),대구,북부도매,2026,04/17,"51,300",2026-04-17,2026-04-17,51300.0,635
오이,wholesale,오이,다다기계통(100개),광주,서부도매,2026,04/17,"50,600",2026-04-17,2026-04-17,50600.0,645
오이,wholesale,오이,다다기계통(100개),대전,오정도매,2026,04/17,"51,600",2026-04-17,2026-04-17,51600.0,655
오이,wholesale,,,평균,,2026,04/20,"38,420",2026-04-20,2026-04-20,38420.0,596
오이,wholesale,,,평년,,2026,04/20,"45,772",2026-04-20,2026-04-20,45772.0,606
오이,wholesale,오이,다다기계통(100개),서울,가락도매,2026,04/20,"33,200",2026-04-20,2026-04-20,33200.0,616
오이,wholesale,오이,다다기계통(100개),부산,엄궁도매,2026,04/20,"42,000",2026-04-20,2026-04-20,42000.0,626
오이,wholesale,오이,다다기계통(100개),대구,북부도매,2026,04/20,"41,300",2026-04-20,2026-04-20,41300.0,636
오이,wholesale,오이,다다기계통(100개),광주,서부도매,2026,04/20,"39,300",2026-04-20,2026-04-20,39300.0,646
오이,wholesale,오이,다다기계통(100개),대전,오정도매,2026,04/20,"36,300",2026-04-20,2026-04-20,36300.0,656
오이,wholesale,,,평균,,2026,04/21,"38,660",2026-04-21,2026-04-21,38660.0,597
오이,wholesale,,,평년,,2026,04/21,"45,156",2026-04-21,2026-04-21,45156.0,607
오이,wholesale,오이,다다기계통(100개),서울,가락도매,2026,04/21,"34,700",2026-04-21,2026-04-21,34700.0,617
오이,wholesale,오이,다다기계통(100개),부산,엄궁도매,2026,04/21,"42,000",2026-04-21,2026-04-21,42000.0,627
오이,wholesale,오이,다다기계통(100개),대구,북부도매,2026,04/21,"42,000",2026-04-21,2026-04-21,42000.0,637
오이,wholesale,오이,다다기계통(100개),광주,서부도매,2026,04/21,"36,600",2026-04-21,2026-04-21,36600.0,647
오이,wholesale,오이,다다기계통(100개),대전,오정도매,2026,04/21,"38,000",2026-04-21,2026-04-21,38000.0,657
오이,wholesale,,,평균,,2026,04/22,"37,300",2026-04-22,2026-04-22,37300.0,598
오이,wholesale,,,평년,,2026,04/22,"44,543",2026-04-22,2026-04-22,44543.0,608
오이,wholesale,오이,다다기계통(100개),서울,가락도매,2026,04/22,"34,000",2026-04-22,2026-04-22,34000.0,618
오이,wholesale,오이,다다기계통(100개),부산,엄궁도매,2026,04/22,"40,000",2026-04-22,2026-04-22,40000.0,628
오이,wholesale,오이,다다기계통(100개),대구,북부도매,2026,04/22,"37,300",2026-04-22,2026-04-22,37300.0,638
오이,wholesale,오이,다다기계통(100개),광주,서부도매,2026,04/22,"36,600",2026-04-22,2026-04-22,36600.0,648
오이,wholesale,오이,다다기계통(100개),대전,오정도매,2026,04/22,"38,600",2026-04-22,2026-04-22,38600.0,658
오이,wholesale,,,평균,,2026,04/23,"38,360",2026-04-23,2026-04-23,38360.0,599
오이,wholesale,,,평년,,2026,04/23,"44,479",2026-04-23,2026-04-23,44479.0,609
오이,wholesale,오이,다다기계통(100개),서울,가락도매,2026,04/23,"34,200",2026-04-23,2026-04-23,34200.0,619
오이,wholesale,오이,다다기계통(100개),부산,엄궁도매,2026,04/23,"42,000",2026-04-23,2026-04-23,42000.0,629
오이,wholesale,오이,다다기계통(100개),대구,북부도매,2026,04/23,"37,600",2026-04-23,2026-04-23,37600.0,639
오이,wholesale,오이,다다기계통(100개),광주,서부도매,2026,04/23,"40,000",2026-04-23,2026-04-23,40000.0,649
오이,wholesale,오이,다다기계통(100개),대전,오정도매,2026,04/23,"38,000",2026-04-23,2026-04-23,38000.0,659
